entry,rae_id
-able,06VsTFX
-acha,0PIrrVu
"-achuelo, la",0SQc5ML
-achón,0SBXoGb
-ación,0UA3ZBx
"-adero, ra",0jP2F4J
"-ador, ra",0oWyp5O
-adura,0ryHaU5
-aja,1Lt96si
-ajón,1ODlufO
-amento,2K4DV1i
-amiento,2LawU8M
-anca,2XMJWuw
-ancia,2Xiwer9
"-aracho, cha",3O3jFBC
-arada,3OFFcWZ
-arajo,3OcnTet
-arda,3TTn0OY
-areda,3UT4ta2
-aria,3YOm1pz
"-arraco, ca",3eTuBLy
-arrada,3eWZduP
-arrajo,3evVv2y
"-arro, rra",3li1D1e
-arrón,3nOEaqM
"-asco, ca",3wGcnoF
-asis,411V9qv
-astra,45Zlbwf
-astre,45s6f5P
"-astrón, na",46SgWle
-ata,481XZob
"-ativo, va",4G4oVYf
"-atorio, ria",4INg5C0
-aza,4crOWjF
-aña,30StUmq
-bilidad,5Vqc7J7
"-bilísimo, ma",5W1OgFg
-cer,8I7zs8i
"-cete, ta",8QNNVMi
"-cico, ca",9AFD0eR
"-cillo, lla",9DOeZ6d
-céfala,86XYrnu
-dera,CGfhSUV
"-ececico, ca",EJSx8hb
"-ececillo, lla",EJTKIJ8
"-ececito, ta",EJUJr7w
"-ecezuelo, la",EJXirtP
"-ecico, ca",EK89MlR
"-ecillo, lla",EKB9w4I
"-ecito, ta",EKC7WWx
-eda,EN8Mgni
-edad,ENATORl
-edal,ENFwLx8
"-edero, ra",ENQ9cwG
"-edor, ra",ENvG7Ws
-edura,EORpzyf
"-ego, ga",EQoE7aL
-eja,ERh5MsS
-ejón,ESkmCZU
-ela,ESsj0Wl
-ema,EZ2Ofo7
-ena,EuQNprD
-encia,F64wazA
-enga,FK4Muew
"-esco, ca",GF6D1qs
"-esino, na",GQkD91K
-esis,GQmPBto
-eta,H3BkHkv
-etón,H5GTUpN
"-ezuelo, la",HR22WKq
-eña,FuLB8zN
"-huelo, la",KlAQG5L
"-iano, na",KrWQlR5
-ible,KrqSttz
"-ichuelo, la",Ks8Pn8e
-ición,KsCJZny
-idad,KtLQ9qb
"-idero, ra",KuHA7rF
"-idor, ra",KvB1ZIY
-idura,KvGioHm
-iense,KvNh82L
"-iento, ta",KvPM0mO
-illa,KytulPG
-imento,L11ttMb
-imiento,L120iDS
-inga,La1teFQ
"-isco, ca",MAR83U2
"-itivo, va",MEVTZG4
"-itorio, ria",MEeJQTG
-iva,MEsPnbu
-iza,MF2CsuF
"-izco, ca",MFILa1i
-lisis,NPwyb64
-mancía,O8mbguA
-nta,QgY70aB
-oideo,Qx5xQD0
-oides,Qx62D6n
"-orrio, rria",RFiXRLQ
"-orro, rra",RFkmHVm
-osis,RI6iTY9
-scopía,XNSRYRE
-strajo,YUEHlL1
"-tano, na",Z5V5Ss6
-terma,ZYamTRB
-toria,a59XZ51
"-usco, ca",bBCLrg8
"-uzco, ca",bDvxJQj
"-zuelo, la",cWPN9rE
a posteriori,3HFytIB
a priori,3JdXcMt
a quo,3NK26ap
a radice,3OGLpcR
a sensu contrario,3xNuNuB
a simili,40P0NEL
abadesa,00gSU3j
abarrisco,037e7SP
abatí,03oHciI
abc,03tCzV4
abejera,04N7aoS
abierta,05MCrQK
abollar,07m5NpX
abonadora,08IftT5
abrigada,0B3d5sT
absoluta,0CQg6do
accesoria,0KDGVKG
acedia,0LG0QAi
acefalía,0LU9i6U
aceitera,0Luaqmv
aceitunera,0M0ZnQA
achiotera,0RPCYK9
acordada,0Z993Qe
acrótera,0cGWrDR
activa,0ccrWQf
actriz,0ctDr83
acuseta,0gI2pQr
acústica,0gTAXCX
ad libitum,0m3VSvG
ad limina,0m7crM7
ad litteram,0m8gjWK
ad nauseam,0n7ESlF
ad nutum,0nEwxpa
ad pedem litterae,0pIkOuK
ad perpetuam,0pK95xy
ad personam,0pL4UU7
ad quem,0pLV5dW
ad referendum,0pvnJ9h
ad tempus,0qV5tGo
ad valorem,0sGeln3
adefesios,0iFhffk
ademprío,0io2ep7
aden-,0ioeUDY
adjetiva,0lVnVLV
adnata,0n4XdpP
adversador,0sYvIAi
aerobic,0tBG92s
aerodinámica,0tYmFQG
aeromancía,0uCosyn
aeronáutica,0ubbq5X
aerostática,0uqgbVo
aeróstato,0uxL76E
afeitadora,0wdi1ef
afiladora,0xoMXgS
"afilo, la",0y37r2G
afirmativa,0ycFGaM
aforística,0zv8IHo
africana,10vYB65
"afrodisiaco, ca",11Q4jXn
aga,12KiSIg
agachona,12e3GSx
agaragar,13Nyz9t
agavilladora,14TiIVf
agonística,16UTRox
agracera,17NNAA1
agrafía,17qbmUj
agroquímica,1B3LjjP
aguadera,1C0nIxI
aguatarse,1DpFwjW
aguate,1Dpj09O
aguay,1ECAZbG
aguzadera,1G471f3
aguzadora,1GEXyaI
agógica,16BkUFm
agüizote,1FL4mvJ
ahogadora,1Hu59n9
ahorrativa,1J10OIj
ahuautle,1JWo8jM
ahuyama,1KOWh2K
aizcolari,1Lk1KqF
ajamonada,1M4SbWm
ajigolón,1NUNCcl
ajorro,1Om3Ezw
ajó,1Ntkz8o
alabardero,1Q0yqpD
alabastrina,1Q242i4
alada,1QuKVzu
"alasqueño, ña",1Tjubkw
alavesa,1U9YRrd
alba,1UNXFTI
albariza,1W25980
albina,1Xicsjh
alcachofera,1aRbHxK
alcahueta,1aiycot
alcaldesa,1bRNuN0
alcanforada,1c4vIcv
alcoholera,1e2myMH
alderredor,1fivPao
ale,1foO63z
alectomancía,1gTIdTP
alelí,1hfBEGl
alemana,1hnfNB6
"alergeno, na",1iLSSUF
alevosa,1j3fgvF
alfonsina,1lwOn0d
algodonosa,1nciN5y
alguacila,1o252mY
algún,1oNT36b
alhacena,1oQY99V
alhajú,1oam3Bk
almendrada,1yGWkSK
almizclera,1zGWnRF
almizcleña,1zFkx9t
aloe,238vvwR
aloes,23B1puK
altamar,25stLlQ
alternativa,26slKPK
aluda,28mj8GR
alveolo,2AEiHdB
alzacuellos,2AZVc4A
alzadora,2AmISK8
alá,1Pe7pgO
alárgama,1T0nbAc
ama,2B8kfMX
amansadora,2DcPO2c
amarilla,2EoJZhb
amasadora,2GLrQbY
ambarina,2HOl4vv
americana,2K9YL6a
americanística,2KF3Dlk
ametralladora,2KzrTrj
amiga,2Lc1QB9
amoníaco,2Ooa8J2
ampliadora,2RfuxeS
ampère,2RUsypi
an-,2TRlsTw
anacardina,2U8l9cP
"anafrodisiaco, ca",2V03tsc
analítica,2VoKg5m
ananá,2W5o13H
ancha,2XRMrCg
andadera,2YXnRRM
andobas,2Zv5c6T
anemona,2bbUVYj
anglística,2eKnwDU
anhidrido,2gIELlE
annamita,2iq6Gbx
"antiafrodisiaco, ca",2ok6Mf7
anticaídas,2pNzl4T
"antisicótico, ca",2wIDr4h
antitraspirante,2wqz046
antístrofa,2wYmOyv
anámnesis,2VzRvYk
anófeles,2jBQGLN
aparcera,3587fNl
aparthotel,36BVZHD
apena,387ROkb
aplanadora,3Bnk9aC
apologética,3EZzYZ4
apolonida,3Esaliv
apretadera,3J9k4Dc
aquella,3MBgAno
"aquellos, llas",3MH5fe6
aquelo,3MH8U50
"aquelos, las",3MHDPUA
aqueso,3MZX30e
"aquesos, sas",3Mb2ozD
aquesto,3Md6DX9
"aquestos, tas",3MeP0Xe
archiduquesa,3SU3cyR
archivística,3SomXeN
arcoíris,3TGhZfI
arenisca,3UxKkhT
areíto,3UdKnnj
argentada,3WoUD5H
argentina,3X7nqyn
argüendera,3Xu4kOT
arismética,3Z5mYIH
aritmética,3Zrrqep
arlequinada,3ZwMhhL
armada,3a7CFRY
armadora,3aPm9R1
armoníaco,3bdHChy
armónica,3bfmifA
arracacha,3eFSnB4
arraigada,3ee1Ofg
arrancadora,3fEFSmb
arrepentida,3jPItMa
arrocera,3m7CzBr
artos,3sJMItT
artroscopía,3sjnVrP
"arábigo-andaluz, za",3NeA474
aréola,3V9YwMg
asafétida,3uPK9SU
ascética,3vysEfT
aserradora,3yCWYes
asfaltadora,3zHGebA
asimétrica,406ILth
asistenta,416Tos5
askenazi,41AeRM9
asna,41RlV0z
aspiradora,44ExbGp
asquenazi,44Ss2hm
asquenazí,44WBVCI
astrakán,45mqEge
astrofísica,46EQ9Ky
astronáutica,46bhajo
"atarbán, na",4AfKXgg
atmosfera,4GU1ZFH
atríaca,4Kc0BjZ
atunera,4Lz9hWl
"austríaco, ca",4QNt0uN
autocrítica,4Rqb3gM
automática,4TMrILg
auténtica,4QfoIPr
autólisis,4TEQIWB
avanzada,4WbdXIG
avellanera,4XVhF4b
aviada,4ZAqHWN
axiomática,4bLPubz
ayatola,4bwzYRg
azafata,4dEmlvR
azimut,4ejZSJ5
azimutal,4ejje40
azoe,4fDZ8uA
azucarera,4ghk9Wr
azufrera,4hEvZey
azulona,4hrK8hF
azálea,4dc28MI
babosa,4iygsO0
baciloscopía,4kU7Nfn
baden,4lXYG8E
baguala,4mUXVQO
bahreiní,4mto7ZL
bailarina,4nQU5TK
bajera,4oioopc
bajinis,4ov1qQc
balano,4qfaCEU
balaustrada,4rF0Frq
balaústre,4rPvE9s
ballenera,4tygqH8
balística,4tffRcZ
baraca,50A4Bjr
baraúnda,51RHZZX
barbera,52OzZPv
"barillero, ra",55Nqh9R
baronesa,569MwGQ
barquillera,56K61VQ
barrabrava,56dr0WM
barragana,56tl39c
barraquera,57IluUS
barredera,57VWHSp
barísfera,55Pw6gD
basquetbol,5AnsPqz
bastarda,5BDnJ8H
bastonera,5CEIv77
bataola,5CtrUkl
batidora,5DdxR4I
bayonesa,5FFjfmn
bañera,4z27tUl
be bop,5H3fw93
be-bop,5H3vsS2
bearnesa,5Fv1PVY
beata,5FyXtUH
bebedera,5GXPgZO
becerra,5HOYcjh
becqueriana,5HgPAQm
beguina,5IH0QvJ
beisbol,5IRbmEw
bellotera,5KKBfU7
bemba,5KfFKaZ
bencinera,5LFAj0t
benzina,5MSZKHS
berlinesa,5NbuFeg
beréber,5N5cx1g
besapié,5PJk372
bestializarse,5Pa1lZo
besuguera,5Pvk1Ay
bezar,5R7VT7A
bibliomancía,5SBnMM3
bibliópola,5SCwAWf
bicentenario,5SmbvWQ
bienvenida,5UWCc5S
billetera,5WNgHLD
billonésima,5WTDlKt
biodinámica,5YBnKmy
bioenergética,5YIiPR7
biofísica,5YQovsb
bioinformática,5YjLfmg
biomecánica,5Z8l3QF
bioquímica,5ZNaOIk
bioética,5YQWij3
biquini,5aUB4mw
biraró,5aUWMlC
bisectriz,5bfwTdR
bitcoin,5cYdcYT
bizcochera,5dMxUVH
biónica,5ZIXdt2
biósfera,5ZbyVP8
bla-bla-bla,5e4d7vQ
black jack,5eBHtYV
black-jack,5eEK0R7
blanca,5eEovKb
blanda,5eXRoA0
blanquilla,5fTi0cj
boardilla,5hoCEHV
bocarriba,5inKdWc
bocaza,5iw3TVM
bollera,5oIVPjx
bollo,5oMzmRS
boloñesa,5odZZam
bombetas,5pi8spl
bonitera,5rR8lVs
bonoloto,5rfgvxt
boratera,5szYMzh
borcelana,5tZOZ1S
bordelesa,5typqqf
borracha,5vHgpyd
"bosníaco, ca",5x8CDU4
botaratas,5yN4Cux
botasillas,5yVMJin
boticaria,5z9FmzH
botánica,5yDfPJa
boyera,60sKeqS
boyeriza,60sVdoj
boîte,5ltAZe0
briaga,65fV8MZ
bribrí,65yTZ0r
"briófito, ta",674guum
bronca,699Ft0l
broncoscopía,69WNMlj
bronquíolo,69qsIls
bruja,6AlL5K9
bruta,6C3ZmTE
buenaboya,6ENQo8x
buenamoza,6EOCOdZ
buenmozo,6EZ15Wp
buitrera,6G5gSYo
burra,6JqkZJr
buscabullas,6KqUz9P
buscavida,6LI5faN
buscona,6LSTZlw
bustrofedon,6Llq14i
bustrofedón,6LoJHM9
buñuelera,6ICIiCZ
bámbara,4vafaRL
básica,5AVJ81y
bávara,5Embvzn
bérberos,5MybvVp
"bímano, na",5WoCIqv
búcare,6CoH6Gb
búe,6EBVPYJ
búmeran,6I1JM3Z
caballera,6NyKCwi
caballeriza,6OE6Ftk
cabaretera,6Ox2dNI
cabañera,6OdrTuQ
cabreriza,6SXUD6M
cabrita,6T0lbAk
cabruna,6TJDItk
cachiporrera,6XQT0SH
cachonda,6YCTngC
cacica,6ZFxujS
cacoquimia,6ZfpqVS
caduca,6bDx50y
cafetera,6bc0gYY
cagaceite,6bxy7pl
caganido,6cSC5PW
cagatinta,6chWtak
cahuama,6d4BZnD
cajera,6e4QhnE
cajonera,6ecuDJF
calabacera,6exEP1E
caladora,6g6zK0F
calahuala,6gmS6bf
calcedonia,6j7pMOl
calchona,6jkCh8Q
calculadora,6kjkEVg
calduda,6lQVPFD
california,6o5pbzq
caliza,6p9TI6i
"calmuco, ca",6qQemeF
calva,6sJ19bp
camarera,6u3QplN
camaronera,6ukAnk3
caminí,6xvn5QH
"camito-semítico, ca",6yWqv9n
campechana,6zyeRsF
campera,70OdnwF
camándulas,6tk5ZuP
camélido,6wruyDA
"canario, ria",72pQI7o
canastera,72ztZtL
canceladora,73luDzY
cancina,74klTGW
candangas,75OcN9t
canela,77RkDnj
canelada,77SZsTD
cangagua,78155oN
cangrejera,78IvfcH
canillera,79DXJoP
canina,79PY1l3
cannabis,79tHxYO
cantarera,7BfEuXq
cantinera,7CpS8oL
cantonera,7DS08Dv
cantora,7DXKGly
"canáceo, a",71vKMUT
canónica,7A8wRJg
capataza,7I7F8Yi
capirotada,7Jqm3CJ
capitana,7KQuZsP
capnomancía,7L6ybzy
capotera,7LZoORt
cappa,7LeavSL
capuchina,7MZcabM
carabinero,7NqG7zz
característica,7OhMinJ
caraú,7RKKaG2
carbonera,7SFAST5
carcelera,7Ty6UQu
"cardiaco, ca",7V1WIdk
cardíaca,7UxH81g
careta,7WjA322
cargada,7WqMnWP
carpintera,7ejaEyd
carrasposa,7g61wVr
carrik,7hWN9LG
carroña,7ih6yza
carst,7jM21MO
cartelera,7jxRQ1g
cartomancía,7kujLMg
cartonera,7l6cAWn
cartuja,7lPplNw
carvalleda,7loF3Ir
carvallo,7lobLV2
casera,7oByWZN
castaña,7qCjI5N
castellana,7qbj9Ay
castora,7rS8mv2
casuística,7slWgU7
cataplún,7ubzTzr
catapún,7ugp4WT
catatonía,7vW3tWJ
catedrática,7w8aCPN
catenaria,7wYTvWj
caterética,7wvGJKY
catoptromancía,7yUfCyi
catorcena,7ybCPaD
catóptrica,7yOBG6W
cauchera,7yuz8aP
caudímano,7zjjuwo
causídica,80WEkKH
cayagual,82MCMny
cazadora,83B1RhU
caí,6dG5xw6
cañera,7G0V3qB
cañiza,7GgArbP
cañonera,7GoG5KL
cefálica,86gEGY0
"celiaco, ca",89bxoug
cellenca,89u8P93
"celtibero, ra",8AYUKeu
celíaca,89YrELw
centrifugadora,8GF4bWA
centrífuga,8G7y2lP
centríolo,8GRBnvM
centésima,8F80lTX
"centímano, na",8FRArpQ
cepacaballo,8HdicVy
cerastas,8Ial6cH
cerastes,8IeD0Z6
ceraunomancía,8IsTNCt
cerillera,8LSHLxk
ceromancía,8MVpGyn
cerradera,8MwgIXu
certificatoria,8OZmHzx
cerámica,8IHnN72
cesárea,8PSr2Rd
ceviche,8Qju8kM
"cevichero, ra",8QlokE2
cevichería,8QlbyBY
chacarera,8RBGenh
chachaguata,8RXKnhP
chamberga,8VTaYAi
chamicera,8W8okFf
chamiza,8WD7DFX
chamorra,8WGaQNq
chaparra,8ZizJOm
chapeadora,8a3JM8B
charra,8dLcCAt
chasís,8eRwE4w
chata,8euKhC4
chavola,8fzuaIp
chela,8gf9gnG
chen chen,8gxg35A
chevrón,8hql4qk
chibola,8i7edNn
chica,8iGntws
chicharrera,8iVx51p
chichera,8itWGKe
chilena,8lFwLap
chinga,8pCf5Ya
chingada,8pDAovw
chiquigüite,8qX4wwF
chiringa,8rfnk8j
chismosa,8tm4qRu
chivata,8v3lf0W
chocolatera,8x1itAO
choricera,8zCQC1d
chorras,8zvTY5P
"chorvo, va",90MMeJQ
chullpi,93FixWj
chunga,93m2c2d
chupa-chup,942ytj8
chupa-chups,9493Ue0
chupachup,942C4Mo
chupachús,94CG8GG
chupamedia,94ZiKhe
chupona,95Y6rzN
cháguar,8TP1BIU
chófer,8xKsmql
cibernética,98XWFnQ
cielorraso,9Aj1Gnb
cienmillonésima,9BALXEl
cienmilmillonésima,9BBgloQ
cienmilésima,9B4hsun
cigarrera,9C21y33
cinc,9Ery70I
"cincado, da",9Ez9dRu
cincograbado,9Fe9QPk
cincografía,9FhSEOw
cincuentena,9FqsWtt
cinegética,9G2HId2
cinemática,9GADU2b
cineraria,9GTAC27
cinquena,9H4OqJa
"cinquero, ra",9H6eJHp
cinética,9GXviJr
circum-,9Jln6k2
cistoscopía,9M8wCXn
ciática,98BHsvy
clara,9P3x2Wm
clarificadora,9POWAGn
"cleptomaniaco, ca",9Rtlk1w
clínica,9TFKY6E
cocedera,9YxmVij
cochera,9ZaZVpC
cochinera,9aCqkRX
cocoroca,9bpUDd4
coctel,9cJslxm
cocui,9cN6630
cogecha,9exU2ai
cogedera,9f4e9kF
coihue,9hRE222
coiné,9hq61n5
coja,9i5QS85
cojinoba,9iLjYYH
coligual,9mlmLYk
coligüe,9mmAOe4
colonoscopía,9qMcwSp
colposcopía,9rNqR8N
com-,9sETzSY
combinatoria,9tsBi1K
comelona,9unsJ6o
comilitón,9wAkTLH
comilona,9wGaKvc
comisaria,9wecBvN
comparativa,9z86jgB
compaña,9yfOh6b
completa,A1MLIj1
completiva,A1UWAS4
computadora,A4iJzDS
concejala,A6ajSDc
coneja,ADNk6XP
conejera,ADRsbKZ
conejuna,ADd6jnU
confesa,AERx2Xv
confitera,AG6mJoy
congrua,AJsF2l2
conjuntiva,AKrslZX
consejera,AOmj0Po
consubstanciación,AS91DPA
consubstancial,ASB41if
consubstancialidad,ASB7OkO
consubstanciarse,ASBxzXC
consulesa,ASX1cg2
contenta,AUi33om
contradictoria,AYA1uFl
contralla,AZsE5dx
contralmirantazgo,AZx3efC
contralmirante,AZy9jUd
contrargumentación,Ac9LDFj
contrargumentar,AcB6Jho
contrargumento,AcCmhh2
contrarmadura,AcJAz9e
contratacar,AdHIc0f
contrataque,AdQnRrx
contrayerba,Ae8T7qw
convocatoria,AhaYHjp
cooperativa,AieqjIo
coordenada,AimuwiA
copada,AjIaiHP
copec,Ak1C85A
copera,AkAzZx3
copetona,Akis7FI
copetuda,AkjOcDz
copiadora,AkonRlu
coralina,Ao5TZz1
corchera,ApLy77s
cordada,AqEpwIQ
corderina,AqoGEWi
"cordiaco, ca",AqxVrOr
cornuda,AukVbbY
coronaria,AvUd0GW
corralera,Awi7iOc
corredera,AxRYNDK
corregidora,Axmt7vJ
corregüela,AxsDdFb
corroncha,B0BLYCy
cortafuego,B1U1gJk
cortapapel,B1hYxB4
cortapluma,B1t9kXz
cortaviento,B1zmWYA
cortesana,B2M7oOy
corva,B3Rtr9o
corvina,B3hnZ6F
coscolina,B4OZOuV
cosmonáutica,B5WTKPc
cosmética,B5D3FTh
costanera,B6aQ7Qj
costelación,B6tzyam
costera,B70aGwG
costera,B73pcOY
coxcojita,BAw4iCU
coyota,BBDA7f5
coyotera,BBM3w63
cracoviana,BBnXQgC
craneoscopía,BCCK7a7
cratera,BCkFIU7
crematística,BE7O9C6
cremor,BEGTqdP
crespa,BF2FhdV
criada,BFonViQ
criadora,BFsaMEq
criolla,BHNm9of
crioscopía,BHYCe20
criptón,BHpNZ2j
cristalera,BIp6hBd
crióstato,BHYfCbr
cromósfera,BLGRj8C
croquet,BMGXlTL
cruda,BNOyrbC
crítica,BKCt97P
crónica,BLOvz8l
crónlech,BLfcu4k
cuadrada,BPDQ7CH
cuadragésima,BPGpyT0
"cuadrúmano, na",BQZeuoF
cuajada,BQo4RLC
cuakerismo,BREmsGq
cualesquier,BRMztn0
cualesquiera,BRN0Op6
cualquier,BRfxGm8
cuan,BRnREbE
cuarentena,BSb8dsI
cuarta,BSqfET2
cuaterna,BUAYd5V
cuatrillonésima,BUqjEUC
cubreboca,BWdnJoE
cubrecabezas,BWgncK5
cubrecamas,BWnmiPN
cubreobjeto,BWt0rcz
cucarachera,BXF2Y4Q
cuculmeca,BYujfdA
cudría,BZEDtXl
cuentística,BaOvTCa
cui,BbaPSRf
culera,BcyZpTW
culinaria,BdTUpob
cumba,BfLqLmJ
cunera,BgpjUkw
curativa,BifTKWc
"curdo, da",BjECyDb
currutaca,BkRqJJC
curva,BlnavR5
"cuákero, ra",BRGi3g7
cuán,BRpCzFC
cyclo-cross,Bo2hHnb
cándida,7673yC1
cánido,790SXci
cántiga,7CXfjMI
"cárstico, ca",7jMEqix
cártel,7jpp0Nz
cáustica,80ZZr6Q
cénit,8DX74ce
cólica,9mBgtp8
cómica,9vs3efn
cóncava,A6HPZHh
cónica,AKBBqVF
córnea,AtdOGdo
cúbica,BVyiHCm
dactiloscopía,BojwcK0
daiquirí,BpYqdu9
dalmática,Bpzc0yY
damascena,BqXMJUu
damasquina,BqkD3jk
decena,BvZ2tOH
declaratoria,BxmsNkD
dedicatoria,C0aQovt
defensiva,C26UnXs
defesa,C2ammI0
definitiva,C2xcofX
deflectora,C3GzJnv
delantera,C61jM5B
"demoniaco, ca",CA1t0KC
demonomancía,CAUKrXK
demoscopía,CAdTEhm
depiladora,CExFfiw
deportiva,CFGKROV
depuradora,CGWKCGI
derecha,CGhIzGf
derechera,CGkt4Sm
derivada,CHFMUQD
desa,CJvmecR
desalinizadora,CPYAuGR
"desarrapado, da",CTaqzPD
desborradora,CZ0hS1l
descarnada,CckSRCt
descubierta,CmCVJWd
desfibradora,CympOxM
desgranadora,D21voML
deshecha,D3AlGYn
deshuesadora,D5Hzk4S
desmotadora,DCp4xqx
deso,DEKdXai
desta,DRp7Dvm
desto,DUJUz91
destrozona,DVPlRgn
destructora,DVh0BOv
desubstanciar,DWHfKac
desyerba,DZ33A5P
"desyerbador, ra",DZ3CJnj
desyerbar,DZ4g5NQ
desyerbe,DZ7wHa7
deíxis,C5EzGdz
dialéctica,DeVmnYG
didáctica,DhMugFo
diesi,DiMRh9x
diestra,DiPTLu8
dietética,Dij9xaZ
diezma,DisVruc
diezmillonésima,Dj3Y32H
diezmilmillonésima,DjAk5RD
diezmilésima,DiwvRQN
difusora,DkcvR5r
digitalizadora,Dl9L8zX
dilatoria,DmDKAjI
dinámica,DnlCMO7
"dionisiaco, ca",Dp3U3EA
diplomática,DpbEPU4
"dipsomaniaco, ca",Dq0Jzkz
directa,DquSydV
directiva,Dr0EbgN
disgrafía,DuwmzS7
dispositiva,Dxn0Qv9
disquera,DxwDzr3
distribuidora,DzLMym9
disyuntiva,DzlZLh3
diócesi,DouxdDp
dióptrica,DpAOrYZ
docena,E2tkDsg
docimástica,E3KsmnZ
doctora,E3TPUD3
dogmática,E4gY9xN
dolorosa,E5vpiMw
dominica,E7DgGFi
domótica,E7VW39A
donnadie,E8X9bSs
dorada,E955ua4
doradilla,E958hEg
dormidera,E9T85ly
dormilona,E9bMVOX
doñanadie,E8fYaTj
dragona,EBR9ret
dramática,EBiAjUr
"dromomaniaco, ca",ED0ZIc5
dueña,EEq4f2o
dulcera,EFMhTc0
dumdum,EGLQ5r2
dupla,EGhRAQD
duquesa,EHEah9L
décima,BwZDoiJ
dínamo,Do6iuhc
dómino,E7Oba30
eboraria,EIqugPN
ecdótica,EJNddKf
ecumene,EMopa0C
eczema,EN2bZvI
"eczematoso, sa",EN2k4PY
efemérides,EP6Sekl
efímera,EPcucHk
"egipcíaco, ca",EQWzn70
egílope,EQHuWTz
ejecutiva,ES0hl0W
ejecutoria,ES79aZL
electroacústica,EU4Ep3q
electrodinámica,EUDrzgO
electrolisis,EUjPJxC
electromecánica,EV6BErh
electroquímica,EVWuU8n
electrostática,EVaiNRy
electrólito,EUq9tfn
electrónica,EVKuXjS
elefancia,EW3TWMN
"elefanciaco, ca",EW46G8r
"elegiaco, ca",EWWkAKr
elevadora,EXAOBiK
eliminatoria,EXbKRhT
elite,EXsGiMb
ella,EY50QVp
"ellos, llas",EYDli6v
elástica,ETAd5oj
elíxir,EY4DaPY
em-,EZ1srLN
embarbascar,EahqRkp
embotelladora,Efp7Xv7
embutidora,EiQn9D3
emisora,EjRSfFw
empacadora,EjzpZQc
empanada,ElIu300
emperatriz,Ep4kbHs
enamorada,Ev3HXIU
encandiladora,Eyh0uku
enceradora,F4AFXtq
encimera,F6ZaVc5
encoladora,F80fzeC
encorchadora,F9LeXIa
encubierta,FAhWjic
endeudarse,FCm0mlz
endivia,FDEtd03
endoscopía,FEMziPL
endosmosis,FEXq8PK
endrina,FEwrXnz
endíadis,FCvucpO
"endócrino, na",FDYDmaW
energética,FG8G7W4
engañamundos,FL6pPgK
enhierbar,FRAEIsT
enhoramala,FREwb3a
enjuta,FTM44f5
ensayística,FcaXJkl
ensenada,Fcw7Wcw
ensillada,FdkFhWd
entresemana,Fo7OKmp
"epífito, ta",FwUDWim
erótica,G3JgoUS
esa,G4XJW3w
escaldada,G6WoxwP
escalibada,G76dZ3H
escandalosa,G9DKfMi
escarchada,GBGShkW
esclava,GEbbJUg
esclerótica,GF1GFSV
escobera,GFNxeNN
escolástica,GGuBVI0
escombrera,GHQ3Uyz
escoriación,GIm1IAO
escoriar,GIu33nD
escribana,GJthefL
escrita,GKPqSCm
esfácelo,GOyKMFj
"esos, sas",GSL4kTT
espaciotiempo,GSrCcx9
espagírica,GTHf5W2
esparraguera,GVa41Xx
espatulomancía,GWDzhDR
españolada,GUSpPin
espectroscopia,GXOFRMZ
especulativa,GXbAoWK
"espermáfito, ta",GZ7Mupc
espetaperros,Ga1CZ3G
espigadora,GamTLM6
espiroqueta,GcsHK4N
espoliación,GdeHfy2
"espoliador, ra",GdfMhwB
espoliar,Gdh1GY0
esporófito,Gf0YcE3
esposa,GfTY4qx
esquiladora,Gh8F35E
"esquimal-aleutiano, na",GheRFLm
esquinera,GhsCu7L
esta,GibSTZ8
estadística,GjiNl2l
estatuaria,Gnz8xVd
estereoscopía,Gq6x7zA
estilográfica,GsITot2
estilística,Gs9VUqT
estimativa,GscIQEU
estitiquez,GtpMjIM
estocástica,Gu7GjPJ
"estos, tas",GvpwejL
estratósfera,GxcVECZ
estrellada,GyELyc3
estrellera,GyUJ8b7
estriptís,H04e9X5
estrujadora,H1BISRP
estudiantina,H1pcZ3H
estudiantón,H1tvS8N
estática,GndlU9M
estética,GrFobgI
"estítico, ca",GtpFn7E
esvarar,H32Edkm
esvarón,H36eTuM
etiquez,H4Zn06C
euskalduna,H7TI2LI
euskaldunización,H7TqfGd
euskaldunizar,H7WDbsj
euskaldún,H7SDGB7
euskaro,H7Yx5FZ
eusquera,H7hDrIZ
evasiva,H9HGFmu
excavadora,HBSb24s
excerta,HC5bj3t
exclusiva,HCoAJbz
excusabaraja,HDb0MQv
excéntrica,HBhRpNj
exegesis,HDzogR5
exegeta,HE8hGZp
exoftalmía,HGdhqL7
exosmosis,HHLZoOg
expectable,HHtR1dd
exprofeso,HLMG9oa
extractora,HO2Q9WF
extraordinaria,HP23ktx
extraña,HOhTo3Z
extremada,HPnlTcS
extrusora,HQHgHVV
exósfera,HHLMVsi
exótica,HHPpk2K
fabulística,HRiEtym
facera,HSGu37o
"facoquero, ra",HTRbcUI
"facócero, ra",HTPOypJ
faina,HUkk6Wa
falafel,HVXYZPX
faldera,HWjfSqg
faleuco,HXPDozH
falsa,HYg6Fcf
farmacocinética,HdKazPZ
farrago,HeG5OTt
farruca,HeWuVT3
farándola,HcHlSnn
fata morgana,HfoDOVM
fiadora,HpwNOnv
fibrinólisis,HqH04sG
figulina,HsdlauG
fija,HswSZG1
filarmónica,HtwIXtn
filipina,Hv5iJQ1
filmadora,HvOCAVR
filológica,HvnDC69
filosa,Hw5Vco3
"fino-ugrio, gria",HyR1p8M
finoli,HyMYdcj
fiscala,HzHZtg9
fisicoquímica,HzyGzPQ
fisiognómica,I0Fm53e
flaccidez,I21J2am
flechera,I4QPrWV
fletera,I5Amfmy
"fláccido, da",I21YHnd
foie gras,I9UrICb
foliolo,IAIIWt5
folklor,IAKzxc8
folklore,IAQExs5
folklorismo,IATouMj
folklorista,IAUfx5M
"folklórico, ca",IATD833
fondonga,IBq7XMS
"fondongo, ga",IBqK1SP
fonemática,IC3tDas
fonomímica,ICkGrHA
fontana,ICxUUKu
fonética,ICAho85
forrajera,IGixdnJ
forzosa,IHr7eq1
fosca,IIFrsNE
fosforera,IIW9AjJ
fotocopiadora,IJYb2Hy
fotograbadora,IJyZPD1
fotomecánica,IKe1sTm
fotoperiodo,IKyZ4RC
fotoquímica,IL34O5E
fotólisis,IK9dhNA
fotósfera,ILHUGbj
fraccionadora,IME775g
francocuartel,IOSESWo
fraterna,IQ6JiNS
fregona,IROmJCe
freidora,IRZqqxM
fresadora,ISqnPfk
fresca,ISwrLqV
fresera,IT91OMY
fresquera,ITPZbwH
friolera,IUuVY2f
friqui,IUx9tuk
frontalera,IW9rkW4
frontera,IWEkfHP
fruslera,IXCWzKM
fréjol,IRrDvwz
fría,ITtwWlp
fríjol,IUWekoW
fulana,IZkzJ0A
fumista,IbE7iIB
fundidora,Ic9hRHy
funeraria,IcMeO8E
fusca,IdwLPdA
futbol,Ieof45J
futura,IfLrXY5
física,Hzqx0lW
fórmica,IFTZ9SC
gabacha,IfbhVmR
gagate,IhLxG1S
"galaico-portugués, sa",IiEJXKL
galana,IiRvZTR
gallarda,Iku9eon
"gallego-portugués, sa",IlKbwnn
gallera,IlX7mtf
gallofa,ImOd8kT
gallopinto,Imah6GE
galénica,IjSUjTC
gamberra,IoRaIl1
gametófito,IpBtftR
gansa,Ir75QnZ
garbín,It0xOq8
garduña,ItPlInP
gargantilla,IuB1bqf
garrapiñada,IwS9Qhj
garrotera,IxOO0Wg
gaseosa,IykckMp
gasolinera,Iz1fKiO
gastr-,IzTgprF
gastroscopía,J02guRr
gata,J0Aj7Id
gatuna,J0ZTC1D
gena,J3NLa9W
"genesiaco, ca",J4I9nJq
"genetliaco, ca",J4eOOVx
genetlíaca,J4c3ZlB
genolí,J5PY1pn
genulí,J6YLxq4
genética,J4ZiuCy
"genízaro, ra",J531Px5
genómica,J5XGxxh
geobotánica,J6amArP
geofísica,J70M4LD
geomancía,J7YDIOF
geopolítica,J7s2W8l
geopónica,J7tjSVg
geoquímica,J7zEVn7
geotécnica,J8YSYG4
gerbo,J8lmwDB
geórgica,J8FJ3Rv
geósfera,J8QlByc
giennense,JBC0OCn
giganta,JBEu1tO
gigantea,JBGtbvW
gimnástica,JC1fUxM
gindama,JCHYXek
giratoria,JDJp3TG
girostato,JDiP1og
gladíolo,JEMG02p
glicolisis,JF29RlY
gloriosa,JFdj0GI
glucolisis,JGN7JQL
gnomónica,JH0pwFG
gobernadora,JHIc3J0
golfa,JIRygjj
gomera,JKNJHLf
gorda,JLF8w5V
goya,JNRKY02
grabadora,JO17wmR
gramática,JQkghdC
granadina,JRg6T1y
granadina,JRi6igU
granillera,JSzIVPO
granujada,JTRSDl7
gratil,JUyVNkK
greca,JW1S9fj
gruesa,JZuWlpa
gráfica,JPW97Xk
gráfila,JPeplx3
guachalomo,Jbgd8Hp
guachar,Jbjhhbk
guadañadora,JcUTULZ
guadúa,Jd5Edfp
guairuro,Jdhuol2
guaiño,JdVDzpW
guajira,Je4VbQD
"guajiro, ra",Je5plah
guanera,JfUMT3O
guantanamera,JftzcKX
guantera,Jg2cEDO
guaquear,JgbmMgz
"guaquero, ra",JgddWGX
guardabosques,JhraddZ
guardafango,JiSrsWf
guardamanos,JiqTRSy
guardamontes,Jj3jb6W
guardaparque,JjALQHl
guardapolvos,JjFp3Gd
guardesa,JjpCNHu
guardiacivil,JjqwLPx
guayabera,Jmwu0UE
guerrera,JoZcdLg
gurbia,JtRW1PP
gurisa,JtavIYG
gurrumina,JtvIXws
güegüenche,Jo8Wzfr
güemul,JoFqLkC
güillín,JpbNW8f
"güilo, la",JphYZtR
güilota,JphcEc3
güipil,JrAQuUM
güisquil,JryiQru
güisquilar,JrzeviZ
habanera,Juv8R4o
hablantina,Jvx6DF5
hacendera,JwZWurc
hadada,JxnUzyc
hai-kai,JyJROFZ
haikú,JyKBjdw
halconera,Jyt7ggE
haleche,Jz3t1pp
hamadriada,Jzxg61J
hamburguesa,K0GDhmq
haraquiri,K18K46j
haravico,K1Bt2gB
harem,K1XZ7et
harmonio,K207HoH
harmoniosamente,K21DVDr
"harmonioso, sa",K22QuA2
harmonizable,K24CEXJ
harmonización,K255KF1
harmonizar,K26cutw
harmonía,K1pCx6o
harmónicamente,K1pe1Bh
"harmónico, ca",K1yQ6yg
harpa,K2DiW6A
harpía,K2GCzUq
hedentina,K5IzkDF
heladera,K5eo17t
heladora,K5kahZi
"helespontiaco, ca",K6JUdT2
"heliaco, ca",K6Mv4aa
heliofísica,K6eVe3R
heliostato,K6tEDpz
helitrasportar,K74VN55
hemat-,K7R5yxo
hemiplejía,K8Mc4z7
hemodinámica,K8oOxaz
hemorroisa,K9BGrnn
hemólisis,K8zyfOQ
hepática,KAHNse2
herbolaria,KBfKeLh
hermenéutica,KDV1FRl
herpe,KEVaqyK
herraj,KEozyIo
herrera,KFCkk9y
heráldica,KAorQG6
heteromancía,KH4WnNN
"heterozigótico, ca",KHUVDI7
heterósfera,KHIZJC1
heurística,KHcDhSp
hicaco,KIlTG9h
hidrodinámica,KK9RUur
hidrolisis,KKbWvE8
hidromancía,KKoQlEg
hidroscopía,KLckhg6
hidrostática,KLgnb6Z
hidráulica,KJZat0e
hidrósfera,KLdgITZ
hierbal,KMeImFx
"hierbatero, ra",KMj4iAO
hierbazal,KMjxpop
"hierbero, ra",KMoGLw2
hierbería,KMmCS9Y
hiero,KMpJtUk
higroscopía,KNf0O2o
hiladora,KOnbSfC
hipercrítica,KQw2ySu
"hipocondriaco, ca",KT2QKKI
"hipomaniaco, ca",KTwB7DN
hipótesi,KUqaJge
histeroscopía,KWaUK3m
histoquímica,KWpydX6
histrionisa,KXXcp2U
hita,KXYVjp2
hojasanta,KYhw9zI
holandesa,KYx60jS
"hológrafo, fa",KZywLBl
"homozigótico, ca",KcBxiNA
homósfera,Kc9FsFM
hornaguera,KfaU6qg
hornera,KfpMQiD
hortelana,KgdJFGP
house,KiQ3lpc
huaca,Kiy1E0B
huacal,Kj02ULc
huachinango,KjHC0tJ
huaje,KjNN3IS
huamúchil,KjbMtcL
"huanaco, ca",KjeB6jQ
huarache,KkBEHLF
"huarachudo, da",KkFahTk
huarapeta,KkIo7x5
huasca,KkPvANN
"huaso, sa",KkTAjV0
huateque,KkcIWmx
huesera,KlZDVwi
huesuda,KlkDwpd
huevera,Klvtmq3
hulahúla,Kmz0Q8M
hulera,Kn7Cjbp
humorada,KpObarq
huronera,KqaaiGr
huy,KrHckrH
hámago,JzzP3WS
héctica,K54ulus
héjira,K5bHJxJ
hética,KHVxhOJ
hípica,KRw6jMC
húmeda,Ko9CuTj
húmil,KojYAk1
húmilmente,KpCxwJS
i-,KrQe8X3
i-,KrTWYNC
iatrogenia,KrXErWW
"iatrogénico, ca",KrXnOYA
"iliaco, ca",Ky62TXs
"iliaco, ca",Ky6vz6A
ilustrísima,KziuOQ7
im-,Kzo84Wg
im-,Kzpk9SX
imaginativa,L0GOIEW
imam,L0LWg7J
imperatoria,L31BYXL
impolítica,L543hqY
impresora,L70kens
impía,L4BHP4I
in illo tempore,LcgKi5C
in integrum,LcoPm3X
in itinere,Lcxkw1S
in medias res,Le5AFqG
in memoriam,LeN78IB
in mente,LeUeikl
in partibus,LiNk5DU
in partibus infidelium,LiNkM3K
in pectore,LiQuOqq
in perpetuum,LiSD5dk
in promptu,LiUNB1A
in púribus,LiWqF0U
in situ,LlJeGAq
in solidum,LlkrAN7
in statu quo,LmnWpQn
in terminis,LvQSuA9
in utroque,M1Vgfq4
in utroque iure,M1Z3Y8h
in utroque jure,M1mvimL
in vitro,M4cX8vQ
in vivo,M4dN6uq
in voce,M4i4erf
"incircunscripto, ta",LETqFQj
incógnita,LFoFmPR
indagatoria,LLk5Eu9
indiana,LNc6oh5
indirecta,LP6YeBh
individua,LPn3SGl
"indo-iranio, nia",LQp6zcZ
indumentaria,LRoaO79
"infecto-contagioso, sa",LVWF7BH
informática,LY8J1Xi
infraganti,LYk8D5E
infraoctava,LYrgD1R
"infrascripto, ta",LYwuaQ6
ingenua,LaM1MsI
inhibitoria,Lbg9vca
iniciativa,LcM4y9N
inmaculada,LdU4P87
inmobiliaria,LesgIpS
innocuidad,LgopXjl
"innocuo, cua",LgoxNDj
inquisitoria,Lix5P4f
instantánea,LmbLovc
insubstancial,LoTyyd6
insubstancialidad,LoWYsKZ
insubstancialmente,LoXuF7k
insubstituible,LoZKC0k
intelectiva,LqSt9sX
intendenta,LrnBryY
interina,LuSO7Ek
intermedia,LvDa2YL
intranscendencia,Lz1c6U1
intranscendental,Lz36vrt
intranscendente,LzABXVV
intrasferible,LzSv4cn
intrasmisible,LzSx99T
inventiva,M2wuxim
inyectadora,M50wKpf
iodo,M58g7NQ
ioduro,M5AuXo2
ionósfera,M5P8bAs
irremplazable,M8FZeaQ
isalóbara,MAIdOZT
isoquimena,MCNq0Xn
isoterma,MCcOBVi
"isíaco, ca",MARIt0X
"isóbaro, ra",MBUMR3M
isóbata,MBXp1OE
isógona,MC2FYcK
itálica,MDcuY4X
izquierda,MFQEcT5
jabonera,MGmnPYN
jacarandina,MHSbNKh
jacerina,MHcaIPv
jaculatoria,MI3bO8N
jardinera,MMeYHam
javera,MOMe2jh
jefa,MP8bOEu
"jeremiaco, ca",MPsjorR
jeroglífica,MQZMA6j
jienense,MSOxz2l
jiga,MSaeFTI
jijona,MSpG6ua
"jirocho, cha",MUOBIeH
jirofle,MUQujaP
jitomatera,MUkkaoo
jope,MWj8Oey
joyera,MYI7XfK
judaica,MZV0di3
judiciaria,MaDYT0x
jueza,MaanWax
juglaresa,Mb0D0Kf
juma,MbyyGHE
juntera,MdI5wAM
kaki,MflpsB0
kaki,MfnovZm
karate,Mg4WPc0
kepis,Mgd5Z2e
kepí,Mgd5Wom
kermes,Mgf7cky
kerosene,Mgj9ZpQ
keroseno,Mgk90u3
kerosén,Mgg3L5y
kerosín,MgmpoOE
kilim,Mh18Dd9
kiosco,MhfQNlk
"kiosquero, ra",Mhg5lmX
kungfú,MiNBSEr
labrada,MjcnW9w
lacero,MksZMCI
ladera,MmF8Qiv
ladrillera,Mn65SRG
ladronesca,MnRLFvc
lagarta,MnhNGki
lagartera,MniLgxz
lagartona,MntQPbd
lambeculos,Mp5O0E4
laminadora,MqcGqcu
laminera,Mqhy1Za
laparoscopía,MvBiwKZ
larga,Mw8ozBI
laringoscopía,MwqOyHj
latiguera,Myh0o7x
laudatoria,MzdFByQ
laureada,MzrxOsO
laurencio,MzxaO5R
lauréola,N01Vgpu
lavadora,N0cF63T
lavalozas,N0ojNXC
lavandera,N11vUML
lavarropa,N19BTHP
lavativa,N1AYf6u
lazarillo,N1wSC7E
lañador,MumymNc
lecanomancía,N2b2q3L
lechigada,N35rkkm
lechosa,N3Bwc8u
lega,N3oNIfv
legítima,N4oFVdl
lencera,N6pQtQM
leonera,N8nEYH6
leonina,N8s0F6P
lerda,N9kCDdq
leñera,N8bIyb9
librera,NFhIO3t
licorera,NGbaX1n
lideresa,NH7RHtt
lija,NJLpWv6
limonada,NKf94RS
limonera,NKn8VBl
limosnera,NKyPXWP
lindera,NMVmjOg
linf-,NMznEtk
lingüística,NNOi3Xb
lionesa,NOAW8dA
"lipemaníaco, ca",NOL9SnQ
litote,NSEBljm
litotes,NSFyNsd
litósfera,NSCwnZv
liviana,NSgIhY1
llenera,NVIxYEs
llorona,NWHcsrt
lluviosa,NWheYMi
lobera,NXKrD37
"lobo, ba",NXSzIBk
loca,NXcLqtD
locomotora,NYJJANL
logística,NZI3h9r
lombarda,NaGCMg0
longa,Nb4CBvB
longui,NbbwDum
loquera,Nc40ohX
"los, las",NcnX1R9
lucera,NeDnU4z
luctuosa,Nfa6wuD
ludia,NfhHi8z
luenga,NgCM5Bm
lustramueble,NjQGzzV
lírica,NPOPt0U
lítotes,NSHw0WZ
lógica,NZ9TIww
lúe,Ng5Qr7x
macadam,NkgYDnm
macedonia,Nlod8pJ
macehual,NlvIG3q
machorra,Nnk6NoF
machota,NnnfGOn
macrobiótica,NoevsrX
macrocosmo,NokFeBq
maesa,NrNE9yl
maestra,NrZDRGq
maestreescuela,Nry6s7Y
magazín,NsQ1KTO
magnetósfera,NtzDHe0
magra,NuoavD9
mahonesa,NvrJUns
maicera,Nw1t2pb
"malaconsejado, da",NyXEubo
malagueña,NyfGwck
"malavenido, da",NzQmzqB
"malayo-polinesio, sia",NzjRv5r
"malcontentadizo, za",O04rVoE
"maldispuesto, ta",O0cQ6zl
maldita,O0dsbdy
malhumor,O2RUOae
mampuesta,O70XC1E
manceba,O87iyLv
manchamantel,O8XPV8j
mancía,O8mI4q1
mandarina,O9cdsjD
mandriladora,OAPe45P
manducatoria,OAlt9tq
manguera,OCb5wrX
"maniaco, ca",OD9l0b7
"maniaco-depresivo, va",ODAhChT
manicura,ODLv67q
manigero,ODrXoYg
manola,OFIKurP
mantecada,OGeft0R
mantenedora,OH2drLg
mantequera,OHJABTm
mantequillera,OHTv0l2
mantera,OHVFGDV
manzanera,OIwAQJX
marcapaso,OMdHgtT
mariana,OPJ6WCl
mariguana,OPpPqqj
"mariguanero, ra",OPsXd8y
marina,OQ8ViYd
marinera,OQHIvvX
marmitaco,OSB0rB1
marrana,OTg5qQf
marrano,OTslzYG
mastique,OZ5f4mF
mataburro,OZoQGIq
matemática,ObQEccx
matrona,Odc09Bv
maturranga,OdsfLPP
mayorala,OfoHdPr
mayorazga,OfuDgGJ
mayordoma,Ofz9FZm
mayéutica,OfT0BLr
mayúscula,OgPggI1
mazorquera,OhOpPlR
maître,Nwf1tnn
mañera,OJSiSBB
mecedora,OireDEb
mechera,Oj9uW7j
mechuda,OjMz6f0
mecánica,Oi2tvSV
mediana,OjxxJgv
medioambiente,OlWJe2D
mediofondo,Om2gVXr
medula,Omay6NF
mejicanidad,OnSnLUH
mejicanismo,OnTGesE
mejicanista,OnUxkJo
"mejicano, na",OnWpMMY
mejillonera,Oncsq8g
melada,OnynM8K
melera,OosDxO3
mercadera,OyHeOwE
meridiana,P0UV1BC
mesósfera,P3SuEBp
metafísica,P4e2QHu
metamorfosi,P652kfD
metapsíquica,P6Az0dK
metempsicosis,P6lvu74
metoposcopía,P7uWIif
metrópolis,P8gRUTv
"metáfito, ta",P4lopv6
metálica,P5EGlXR
metéoro,P70XrM7
mezcladora,P9Mr5j2
micado,PAcgw4r
microcosmo,PBqBORI
microfilmadora,PC8IedB
microscopia,PCaFfmo
micrófito,PCCDCjC
micrótomo,PCuPtlp
milanesa,PEi7q9O
milara,PEjXr1Q
milbillonésima,PEjePgP
mildiú,PEm1aLV
millonésima,PGFWzSU
milmillonésima,PGLV2hI
miltrillonésima,PGiD3RP
milésima,PEzdvlN
milígramo,PFZMcb3
mimbrera,PGzCwLL
mimesis,PHG4FjN
mimosa,PHaVIXp
minera,PI2n0rN
ministra,PJqlgnL
minúscula,PKqmsCJ
mioclonia,PLToDln
mirabolanos,PM0hEVd
miramelindo,PMMZWL1
mirobálanos,PNA8zVC
miscelánea,PNnk622
mistifori,PPh0Z1c
mitín,PQJhpBa
mixta,PR7nFJV
mixtificación,PRA4g8K
"mixtificador, ra",PRATkk0
mixtificar,PRAlf4o
mnemotécnica,PRgwLZf
mnemónica,PRb5MVf
moca,PSFyVYA
mocha,PSfaNif
modorra,PV4TFBw
mohína,PWf9lry
moledera,PYms7Ow
moleña,PYyv4ja
molinera,PZX5GVB
mollina,PaYMz63
momia,Pbt1sOm
mondonguera,PdAmFm8
monis,PeRn2yi
monitoria,Ped0mAS
monja,PeiCeUN
monográfica,PgF5VVW
"monomaniaco, ca",PghloUN
montada,Pigchiu
montadora,PiiUUVn
montera,PjsCPEq
"moquehuano, na",PlRxReo
morfeo,PooW9sK
motera,PvlEZAI
motora,PwdN5yg
motorizada,PwmvDkP
moza,PxxgPqK
mozuela,PyWX5iE
mucilago,PyzrGuF
mucosa,Pz9zXMS
mulata,Q2catSK
muleta,Q2ymnwW
multiusos,Q4xlCkf
musaca,Q8CWmIw
muy muy,QAhXB8h
muñeca,Q69sMQo
muñequera,Q6Eo6cD
mágica,NsspY6B
mándala,O9PqJtA
médica,OkfZnAe
métopa,P7tPFQX
métrica,P8B83km
mímica,PHOKVye
mínima,PJVmwL1
mística,PPYnsUV
música,Q98e1OK
nacida,QBhPit3
"naguatlato, ta",QD89ESD
nahual,QDE4GRO
nahualismo,QDG1p1J
naif,QDL8fkH
napea,QEew49n
napolitana,QEqXW5O
naranjada,QEu04HW
naranjera,QEv3LIh
narguilé,QG1aPpA
narizona,QGcSJgP
narrativa,QGlgocw
naviera,QJN2D8X
nazarena,QJTdPmZ
ndowe,QJcoTJg
nebulosa,QKGyKd6
necesaria,QKKMWIP
necromancía,QKsXjj0
necroscopía,QL09HiT
negativa,QM4l0UB
negra,QMUl16K
negrita,QMtjxSr
neis,QNDVz90
neja,QNMIP8n
nemotecnia,QNrmNoH
"nemotécnico, ca",QNrpdW4
"nemónico, ca",QNotlhJ
"neomejicano, na",QOuIpYC
"neoráceo, a",QPGBnE9
nerolí,QQEdF9M
"netáceo, a",QR4QRyB
neumática,QR7V4Le
neurótomo,QSWU5rF
nevera,QTDvNsH
nigromancía,QV3Yug4
"nilo-sahariano, na",QVMrT4q
"ninfomaniaco, ca",QVbqDuu
ningún,QVkXtgV
nisquear,QWqeNa0
niña,QVx8H1J
noli,QZOWcLO
nomo,Qafqb4W
nomon,QahSGpN
"nomónico, ca",QahcG2F
nona,QapkW9E
normativa,QccES2v
nosticismo,QdhBIWp
novelística,QfUFOsZ
novena,Qfc5gCL
"novomejicano, na",QgUB3XJ
noósfera,QbSqmME
nubada,QgZPZJp
nubarrada,QgiPquH
nucléolo,QhMRyEQ
nueva,QhrRxHy
numeradora,QiUDiqW
numismática,QiwWGFm
náutica,QIH5j5Z
"néisico, ca",QNGD2j5
nícol,QTsYCum
"nómico, ca",Qa6TRPY
"nóstico, ca",QdhWm3A
oblata,Qn00MMn
obscuramente,QoUGQUz
obscurantismo,QoWJM1v
obscurantista,QoWcRWV
obscurecer,QoYG355
obscurecer,QoYxFY2
obscurecimiento,QoaBww3
obscuridad,QoaQvpl
"obscuro, ra",QoeGx6G
ocapi,QqXW8jC
ochava,QrRrs3c
ochentena,QrejKPs
ocotera,QsOIU6W
octava,QsrTsTM
ofensiva,Qv9w9xc
oftalmoscopía,QwPHAXT
oftalmía,QwIJULV
ogaño,QwkePHl
ogresa,QwlOmrY
ojaladora,QxMPA0J
"ojizaíno, na",QyCyoEo
"olimpíaco, ca",R0QXKjc
olimpíada,R0VJif1
olisca,R0inzur
omoplato,R3E990Y
oncena,R3fcNO9
onicomancía,R4azrjE
oniromancía,R4gohhW
onomancía,R4p5SqJ
onomástica,R4rQeY8
opiata,R6XBDV2
oratoria,R8kjnqS
orballar,R8u3lDS
orballo,R8uWLNp
ordeñadora,R9u5JXJ
orfrés,RBGjQ5R
orgia,RC4X8Ch
oribe,RCK0QGp
ornitomancía,REq7wmC
orquídea,RFaUVm4
osmosis,RII6smf
oste,RIYdZCC
ostrera,RJkQeuf
otomana,RKibGBr
otoscopía,RL8e8pA
ozena,RNcMUoE
ozonósfera,RNkn2GB
oósfera,R5P5ZTh
pachuli,RPYiaeG
paellera,RRF1sF7
pahua,RSTI9pU
paipái,RSwfyHt
pajada,RTHnY6m
pajarera,RTLwRzM
pajel,RTlsn9W
pajera,RTq9fde
paladín,RVJuXin
palanquera,RW0ZYVs
palatina,RWKkwN5
palizas,RZ6WB6F
palmada,RZgHWbd
paloma,RaTbG7t
palomera,RaZ93uA
pamperdido,RcOCITe
panificadora,RhWdTfM
panocha,RhoRUhl
panorámica,Ri0ZQfl
pansiquismo,RiEeToR
papelera,RmfmK8k
paprika,RoIGXXI
paquistaní,Roqdkh6
parabrisa,RpDIIDo
"paradisiaco, ca",RpXvw7Z
paradoja,RpgdOLm
paragolpe,RqM820X
paraguaya,RqcKC4Y
paralela,RqwY4RU
paralelógramo,Rr4HfQY
paralimpíada,Rr8Vlxo
paramera,RrdACMd
paraplejía,RsKr8wS
pararrayo,RsYSfqd
parasicología,RscG0kQ
"parasicológico, ca",RsdBNMe
"parasicólogo, ga",RseaLY0
pardilla,RuKgM1n
pareado,RuVOEGe
pareja,Rux1SlV
parrillera,Rz6hI8B
parsec,RzTZ8aG
partera,RzutbBc
parva,S1ZpIhG
pasadera,S27pkpn
pasamanos,S2i3RMb
pasapuré,S31bDyn
pasiega,S43FeU0
pasiva,S4SPDmB
pasteurizadora,S67kBEm
pastora,S6KbySF
pastrana,S6hFjIn
patrona,SBoydLp
patrística,SBdPANH
pavimentadora,SDSN1gJ
pavorreal,SEIdmX6
pañolera,RkfAITa
pañusa,RkpLJeh
pecadora,SFWuAjY
peciolo,SHEGJVT
pedicura,SIo5vOs
pedorra,SJMoGWH
pedorrera,SJP3FFd
pedriza,SK2xdvs
peguera,SL8nqGJ
peinadora,SLhWScF
pelada,SMB1LlV
peleona,SNh04cu
pelona,SPTstMJ
"peloponesíaco, ca",SPZS2DV
peluquera,SQMLy01
pentágrama,SUGMxHi
"pequinés, sa",SWcUJuS
percápita,SX2mtUI
peregrina,SZ9SNqf
perezosa,SaBlQBs
periodo,Sdf5yGF
peripatética,SdtgrUr
perpetua,Shm7r5Z
perra,Si6qKUM
perrera,SiKN8qh
perruna,Sil2AFk
personalísimo,SjcUDpP
perspectiva,Sk7jvxr
persuasiva,SkPP12H
perífrasi,ScfLfr7
perípato,SdyQ1cE
pesquera,SnzZtjT
petitoria,Spw14uk
petroleoquímica,SqULoEm
petroquímica,SqeOZFq
picadora,SsEzS3a
picahielo,SsLlbyl
picaresca,StEZXHF
pichinga,Sutyuzk
picosa,Sw0nCn7
picuda,SwRq2Hn
pija,SyHLkF8
pilla,SztREcf
pilonga,T0eUxTe
"pinado, da",T1zxdnV
pincha,T2StVEM
pinky,T3uzZgI
pinolera,T496Peh
pirolisis,TARuUY2
piromancía,TAcVEa9
piruja,TBgSp2j
pirósfera,TB081c7
pisadora,TBzKaWx
pistera,TDYrFmG
pistolera,TDmSkV7
pitora,TFvc35d
pixel,TGsSalh
plantadora,TKKkmPC
platanera,TMIdZX8
play back,TNpDQRz
play boy,TNsEHL1
playera,TNskqWk
plañidera,TL55eHs
plena,TP2E4ki
plim,TPvF6Y5
plumaria,TQQmzsF
plumetí,TQrL3Wq
pluscuamperfecto,TRtPybe
plástica,TLgiOQJ
pobreta,TSgKEsA
pocha,TT3GHq2
poetisa,TUegJwh
polaca,TV5lVnm
"policiaco, ca",TWPEfVm
policlínica,TWcrH9X
poliglota,TXZbSoy
"poligloto, ta",TXjluUB
polka,Tab3sRK
pollera,TarreEV
pollina,TavVA2k
polonesa,TbN6ju9
poltrona,TbSHCEG
polémica,TViVFTG
"polícromo, ma",TWsXWpQ
política,TZvRpqx
pompi,Tcr0Ton
porquera,ThwtRCA
porqueriza,Ti0Skzt
portacontenedores,Tj3wwSw
portaequipaje,TjKifZK
portaeronaves,TjOjTKE
portafolios,TjVmeHw
portalámpara,TjwnfLj
portaobjeto,Tknbmay
portarretrato,TkyykNF
portavasos,Tl3mCTY
portaviones,Tl6TWI1
post-,ToiqG7p
postbalance,Tos7vsv
"postbélico, ca",TosIAmy
"postclásico, ca",TosQmzL
postcombustión,TosgBDw
postcomunismo,TovNHdX
postcomunista,Tox30qP
postcomunión,TotWoug
postconciliar,Tox8oyO
postconcilio,Tozj2Wl
postconflicto,Tozk6Ug
postdata,Tp4NxxL
"postdiluviano, na",Tp6E5Cx
postdorsal,Tp6kdd6
postdorso,TpAKHdi
"postfijo, ja",TpVnKuj
postfranquismo,TpW1hHP
postfranquista,TpXKKNE
postgrado,TpXmNL6
"postgraduado, da",TpXywpS
postguerra,TpZ5jX2
postimpresionismo,Tpi1QBA
postindustrial,TpkmW1t
postiza,TpsHrH2
postliminio,Tpsmwgf
"postmeridiano, na",TpuoZSp
postmodernidad,Tpwq2JV
postmodernismo,TpxPtfV
postmodernista,TpxXz8V
"postmoderno, na",Tpz79K1
postnatal,TpziA2s
postnominal,Tq0fDbF
"postoperatorio, ria",Tq2w5Ja
postpalatal,Tq4D2VU
postparto,Tq57U8J
postponer,Tq7hgIb
postposición,TqC9fcR
"postpositivo, va",TqCYD69
postprandial,TqFDGR0
postpretérito,TqFGhU6
postproducción,TqFHDGy
postrera,TqOxRtL
postromanticismo,TqYNORE
"postromántico, ca",TqZk9hf
postventa,TqnX8lJ
postverbal,TqnYp4N
poética,TUX8Ou1
pragmática,TtXdAsc
preceptiva,Tv5pR5h
preciosa,TvdvhfY
precisa,Tw3KmSA
premisa,U1cS8lV
premonstratense,U1unNdL
prensapuré,U2q99jg
"presago, ga",U4qnp9e
presidenta,U6Yii5m
presunta,U7dD3yp
presóstato,U6poPtn
prima,UA9aE0l
primaria,UAR7uri
primera,UArloht
primitiva,UBEWRJP
princesa,UBliOdG
pringada,UC949FF
privada,UD89vct
pro forma,UIjwYIC
pro rata,UPBYiU3
probatoria,UEG52HM
problemática,UELywvn
procesionaria,UFXpJLE
proctoscopía,UGbGJqz
productora,UHClF1V
profetisa,UIRcmtR
profiláctica,UIZApF7
propedéutica,UNPWM6x
propóleo,UOKdyrL
"proscripto, ta",UPq41Qi
prospectiva,UQcev4g
protomo,USyeNSZ
provisora,UUb9G42
proxémica,UUs0ab8
práctica,Tt0DDJ4
"prócero, ra",UF945Jo
prójima,UKS59kg
pseudo-,UVp4Llk
"pseudocientífico, ca",UVpo7R6
pseudohermafrodita,UVtfTLe
pseudohermafroditismo,UVuG5HB
pseudología,UVwFZ2T
"pseudónimo, ma",UVwLVrn
pseudópodo,UVxpSvc
psicofísica,UWLWJwM
psicokinesia,UWUIYlC
psicolingüística,UWcV6IL
"pteridófito, ta",UXlBudf
pucara,UYhZZg7
pudu,UZfep0S
pudín,UZLk9yy
puestera,UaxNGZf
"pulmoniaco, ca",Ud6GcbP
pun,UeVPOeL
puntera,UfngPdN
pupila,Uhngk2w
purpurina,Uj5HDrL
purpúrea,Uj2EmbI
pábilo,RNxKqGf
pájara,RTKPoDJ
pálida,RYMztn4
péndula,SSEm3A7
pénsil,STghhOK
póker,TV2raFK
pública,UYNxwFC
quebradora,Ukny5KU
quebrantadora,Ul2kC2Z
queda,UlVOy3S
quelitera,UmczT0h
quermés,Uo6HGZy
quesera,UoVATXG
quienesquiera,UpkwhAI
quif,UqLlaZK
quili-,UqsGLst
quiliárea,UqvWVeN
quilo-,UrNs9Mj
quilogramo,UrPMmbk
quilográmetro,UrO5Q8n
quilolitro,UrQN8gL
"quilométrico, ca",UrVvGFB
quilómetro,UrVvrfi
quimicofísica,Us0zEzI
quimono,UsGmmGv
quincena,UsrSLEV
quincuagésima,UtOHVVL
quinesia,UtXtHLU
quinesiología,UtZExMC
"quinesiológico, ca",UtZggCx
quinesioterapia,UtaFx06
"quinesioterápico, ca",UtbZoL7
quinesiterapia,Utch02P
"quinesiterápico, ca",UtfKHjf
"quinesiólogo, ga",Uta2zuO
"quinésico, ca",UtYDXLO
quiqui,Uvlf5BG
quiqui,Uvlg9BF
quirguiz,UvrXHmE
quirie,UvwLsvR
quiromancía,UwJn2Aw
quiropráctica,UwNqApV
quivi,UxcmXnh
química,UrzQLCP
quínoa,UtxRj4l
rabanera,Uy3COgS
rabdomancía,UyLf6ag
rabona,UzHACIF
racord,V0cnaKC
radi-,V0mCObK
radiobemba,V1WLisn
radiodifusora,V1kjWJV
radioscopía,V2ntMSw
rag-time,V464eFW
raglan,V41C0nA
rail,V4Ygl3z
ranchera,V7OOipJ
ranglan,V7wLMce
raposera,V9VGJCt
raquetbol,VA4MDBS
rasa,VAiU2zz
rastrera,VD8yoV3
rasuradora,VDTlJqN
ratera,VDgiazl
ratona,VEPbTxt
ratonera,VEQx9Lf
reala,VGvKKew
recta,VWFKfgh
rectificadora,VWTUanp
rectoscopía,VWl4DsY
redoblona,VZGAsPU
redonda,VZVfFjM
reductora,VaGNphH
refaccionaria,Vbudok8
referí,VcJcXGl
refrigeradora,Vfbjwuu
regalada,Vgj9rZy
regenta,ViLfWga
regidora,VigO2Rq
reina,VmDNrDQ
relativa,VpRKyEi
rellena,VqiK48p
relojera,Vr4uxYJ
remachadora,VrgqBPy
rembolsable,VsViFXE
rembolsar,VsXagX6
rembolso,VsZ8Htk
remisoria,VtwrmMF
remplazable,Vvf8YdH
remplazante,VvhhRMH
remplazar,Vvi6lgW
remplazo,VviUKzM
rencauchar,VwLTFnY
rencontrar,VwNoSJV
rencuentro,VwWQO0a
renga,VxHbZsQ
repelada,W0uBff3
reposera,W3feTwo
repóker,W34bGGl
resbaladera,W7g57um
resolana,WAvTK07
resolí,WB0P0Ji
responsiva,WCwuFyO
resucitado,WEynOgw
retentiva,WH6CxAX
retórica,WIPxmfe
reverenda,WNn58Hz
revistera,WOx0Cwc
revolera,WPWsTcL
revolvedora,WQ9JUJM
rezadora,WR4MIAH
rezandera,WRBT124
reóstato,VzwAiyF
reúma,WLy1Fq5
rielera,WT5pajm
rinoscopía,WUjCSn3
"rizófito, ta",WWyuvaT
robalo,WXaSJod
robótica,WYTm4uf
rodera,WbLpeVC
rodillera,WbpIFNL
rodreja,Wc3mfHV
rogativa,WcSB5ou
rola,Wcj1ORR
rompedera,Wenkdjw
rompeviento,WfMjlwL
roncadora,Wfsl1A6
rondeña,WgXa8yW
rosariera,WibdWDZ
rosolí,WjTrmGA
rotuladora,WkSmQYo
rotunda,WkbLJQg
roturadora,Wklqs73
roya,WkoTygt
rozadora,Wl7nqPH
ruana,Wlfzsre
rubéola,WlxoYHA
rufianesca,Wo0LX9z
rum rum,Wq2E0Dg
rápel,V96bPOE
rédox,VZmrj5A
réptil,W5enHBd
sabanera,WsSUZiA
sabatina,WsdseED
sabihondez,WtDx5g3
"sabihondo, da",WtEJlxn
saboyana,WuJkf3y
sacabocado,WvE0v39
sacerdotisa,WwV7Lyl
sacra,Wx2lHsO
sacristana,WxinouC
saetera,WyRgUlv
sahariana,WzfSMJP
salamanquina,X1EcHqS
salina,X3lvsH2
salitrera,X48k8d0
salsera,X5pZfLa
saltabancos,X5yRcep
saltaembancos,X6B4Ll9
salteadora,X6iavER
salteña,X6mBJ8y
salvajina,X8C2M5t
salvapantalla,X8Z8YzG
samuray,XAaWGCU
san jacobo,XDyumX7
sanduche,XC5faS3
sanguche,XD6CECu
sanguina,XDPGn8h
sanguinaria,XDPrJck
sanie,XDrl45B
santa,XF3V8ss
santera,XFct7dN
"saprófito, ta",XHLUoe8
sarracina,XJySWQL
sastra,XKW5tK4
satinadora,XKrKVjB
sauco,XLyzCdk
sebiche,XNlHC3h
seca,XO2tyHD
secadora,XOCinLR
secreta,XOxyESk
secundaria,XQKJWN7
sedera,XRGuKZp
sedeña,XRFHnKb
segadera,XRw0z4l
segunda,XTCCcSI
seisena,XU6Z8DC
selen-,XUQrHAB
sembradora,XVlkEav
semiperiodo,XYAGsBA
semiótica,XY75D6m
sempiterna,XYmcI7n
semántica,XVPvQy3
sensitiva,XaQhbfj
septena,Xd1cac2
septuagésima,XdIa7KO
serosa,Xfslxxy
serpentina,XgPGcPU
serradora,XgjUt1I
serrana,Xgo9hkl
"servio, via",XhjZ4qa
sesga,XidqZWj
sesma,Xiz5gRF
setena,Xjg1jHn
setenario,Xjkyo5o
setiembre,Xk42Bqw
"seudopartitivo, va",XkTlHus
sevillana,XkWp10i
sex-appeal,XkvWGsy
sex-shop,XlJe3do
sex-symbol,XlMdVWo
sexagésima,XknkTWw
sexmero,Xl8dV0C
"sexmo, ma",XlAIIlk
sexta,XlN2Bph
señera,Xc1f568
señora,XcBsKWm
señorita,XcQQzn9
sharia,Xm5Z6vj
sicagogia,Xmv5mtz
sicastenia,Xn1K2XY
"sicasténico, ca",Xn1ersh
sico-,XnHdj5u
"sicoactivo, va",XnHqYuZ
sicoanalismo,XnPeFv0
sicoanalista,XnSPbg3
sicoanalizar,XnY1BIX
"sicoanalítico, ca",XnU76QI
sicoanálisis,XnKvnfZ
sicobiología,XnYYy1W
"sicobiológico, ca",XnaAqbT
sicodelia,Xnaa2AQ
sicodiagnóstico,XniPJpR
"sicodinámico, ca",Xnk2rMT
sicodrama,XnkkVFC
"sicodramático, ca",XnkmVay
"sicodélico, ca",Xnealrm
sicofisiología,XnreB1n
"sicofisiológico, ca",XnrnKzW
sicofonía,XntU1Em
sicofármaco,XnoTG4r
"sicofísico, ca",Xnq8pbJ
sicogeriatra,Xny5bn2
sicogeriatría,Xo1qJzC
"sicogénico, ca",XnvR3jG
sicohistoria,Xo2X2KY
sicolingüista,Xo5gcwZ
"sicolingüístico, ca",Xo6BbQx
sicologismo,XoBOMBJ
sicologista,XoHCe9I
sicologización,XoHcriE
sicologizar,XoIi37g
sicología,Xo9QDHY
"sicológico, ca",XoBK4Xn
sicometría,XoNXg7t
"sicomotor, ra",XoWxQhR
sicomotricidad,XoXXD2T
sicomotricista,XoYRWT4
sicomotriz,XoaLkwh
"sicométrico, ca",XoPVL0x
sicopatología,XognrHn
"sicopatológico, ca",XoguRXb
sicopatía,XofTzk6
"sicopedagogo, ga",XojLja2
sicopedagogía,XogxVnc
"sicopedagógico, ca",Xoi0kZQ
"sicopático, ca",XofzCIj
sicosociología,XowJKB4
"sicosociológico, ca",XowJKXr
"sicosociólogo, ga",XowQs3z
"sicosomático, ca",Xoz03pL
sicotecnia,Xp1N1wQ
sicoterapeuta,Xp1d1Vw
sicoterapia,Xp6zFZu
"sicoterapéutico, ca",Xp6hm1g
"sicoterápico, ca",Xp7mNMJ
"sicotrópico, ca",Xp9FvsC
"sicotécnico, ca",Xp1NS3e
sicrómetro,Xp9RJZl
"sicógeno, na",XnxNzcy
"sicólogo, ga",XoLalwb
sicómetra,XoLgx87
sicómoro,XoQfwiy
sicópata,XodKIN1
"sicótico, ca",Xp9AHd2
sieteenrama,XqHMmsh
sillera,XtUj5fs
"simoníaco, ca",XvFA1kw
siniestra,XykBcfQ
sinsubstancia,XzXjUle
siquiatra,Y0c48UN
siquiatría,Y0dYpQT
siquismo,Y0i87gy
"siquiátrico, ca",Y0eXqF9
"siríaco, ca",Y0zktu0
sistemática,Y2B3WO3
sitaciforme,Y2RQJvN
sitacismo,Y2SbK37
sitacosis,Y2U3xDp
sitácida,Y2P9Dek
sobreentender,Y7LmSLR
"sobreentendido, da",Y7QTRIJ
"sobreesdrújulo, la",Y7QeyIR
sobreestimar,Y7QkDFn
sobresfuerzo,YAMa5Md
sobrexceder,YAwY3jy
sobrexcitación,YAwlj9M
sobrexcitar,YAx3sX2
sobrexplotación,YAzaJiJ
sobrexplotar,YAzrwTP
sociolingüística,YCJZHhI
sofística,YDtgIsk
soldadera,YGIlxjc
soldadesca,YGMOk6Z
solitaria,YIceLld
sombrerera,YKEX3r9
sombría,YKWUa76
somnambulismo,YKoPjuT
"somnámbulo, la",YKq2GiO
sonada,YLYGrVa
sopera,YO1kcLj
soriasis,YQ1voC2
"soriásico, ca",YQ1qpB4
sosia,YRhwFO0
sotto voce,YTQt1oZ
soviet,YTbqju6
subordinada,YYa0YUU
subscribir,YZ8aVBd
subscripción,YZBRRkd
"subscriptor, ra",YZC1vRd
"subscritor, ra",YZHbUYT
substancia,YZu2spi
substanciación,YZxH3QE
substancial,YZxWuKc
substancialismo,YZxaUGg
substancialmente,YZz6xqn
substanciar,YZzAE9o
"substancioso, sa",YZzx3c2
substantivación,Ya0VbND
substantivamente,Ya1IL0W
substantivar,Ya35ylW
substantividad,Ya5WdjF
"substantivo, va",Ya5xzJQ
substitución,YaAtush
substituibilidad,YaCzezH
substituible,YaDVZ1V
"substituidor, ra",YaDaHzn
substituir,YaEUrHo
"substitutivo, va",YaIFTKq
"substituto, ta",YaJi25v
"substitutorio, ria",YaM45Sy
substracción,YaMqNFw
"substractivo, va",YaOlidE
substraendo,YaPLHEG
substraer,YaRFUAp
substrato,YaRu7Tu
suegra,YdyebJm
suelta,YeCr0O2
sufridera,YfGZ8MV
suigéneris,YfoJreC
sulfatadora,YgQQKMo
sunnita,YiOHK3j
sunní,YiKYjAv
superheroína,Yjz7yL9
suplicatoria,Ylwo87M
suprema,YmREVA5
suruví,YoVifsP
"suscritor, ra",Yoq1wOt
sustantiva,YpWEMwY
séptima,XdEVhAQ
"sétimo, ma",Xk4mr0x
síndica,XxZyum6
"síquico, ca",Y0efrTB
tabaquera,YrPlclm
tabernera,YrxUlVt
tabuladora,YtwQ0l2
tahonera,YwwTRVy
taichi,Yx920x4
tajada,YxVIVUh
tajalápices,YxgF1a2
taladradora,YyOrh1s
talvez,Z1f8bMw
"talófito, ta",Z15kvaS
tam-tam,Z3en84t
tamtán,Z3im33C
tangana,Z4ng8f4
tangerina,Z57v2Nh
tantán,Z5r7GP0
tapacubo,Z6c0rNP
taparrabo,Z7GRmZx
taponadora,Z8ihOXf
taquera,Z9Gpv4f
tasajera,ZF2u7eE
taxon,ZH5lNGM
tectónica,ZJPevkk
tejedora,ZKdnE36
tejera,ZKjOqGr
telekinesia,ZMgEKrF
telekinesis,ZMjBvri
telemática,ZMvduQo
tembladera,ZOvSxA3
temática,ZOmNdna
tenienta,ZTJFUyM
tentativa,ZUJJm5Z
teorética,ZVLT7u9
tepachera,ZVZpO8q
terapéutica,ZWfQdkK
tercera,ZWvfIeE
tercia,ZXAOmEZ
teresiana,ZXpxbNf
"teridofito, ta",ZYMAkzW
"teridófito, ta",ZYQL5xG
termodinámica,ZZTdF8u
termósfera,Za9swzN
termóstato,ZaKUgtH
ternera,ZaVwvy9
terrera,ZcCdBsX
terriza,ZctuS5i
testerilla,ZfNyYLD
tetraplejía,ZghB98t
textilera,ZhTHvOb
teórica,ZVMrhp1
tialina,Zhs1ah5
tialismo,ZhsVazU
tiflotécnica,ZjV1D63
tifoidea,Zjdn6Ei
tigresa,Zjp47jC
tilichera,ZkTjIjM
timonera,Zlu9YKW
tinta,ZnWhtWV
tintorera,ZoCcAhG
tipiadora,Zp7C6Rl
tipoy,ZpdtClw
tipói,ZpYSc0f
tirana,ZqdNkRy
tiritona,ZrThZOo
tiznera,ZuKEQM5
tobillera,ZvZLmsX
tocacintas,Zvsko5z
tocinera,ZwbH4BY
"tolemaico, ca",ZyOuGcn
"tolomeico, ca",Zz3wUlZ
tomatera,ZzjLGvM
top-model,a2wC7Pv
topadora,a23dtma
topo,a32aoaR
torcida,a4DPXDo
torera,a4js4aq
tormentaria,a5PiW4s
tornear,a68eXQV
tornera,a6BedV6
torticolis,a8PXn2d
tortillera,a8SHpji
tosca,a9K3ZaE
tostada,a9kSWgr
tostadora,a9psudS
trafalmeja,aEHYesj
tragafuego,aEgdY9l
tragantona,aF0zFyQ
tramontana,aGV3prI
transcendencia,aITJHIx
transcendental,aIVID4J
transcendentalismo,aIVsDOA
transcendente,aIW3s9M
transcender,aIXy32R
"transcendido, da",aIb19oF
transflor,aJTZO3i
transflorar,aJWBWmr
transflorear,aJWOlaF
translación,aKupKNr
translaticiamente,aKuqmMi
"translaticio, cia",aKwNEBx
"translativo, va",aKwnBY0
translocación,aL7wqbH
translucidez,aLA9Ada
transluciente,aLBHuLW
translucimiento,aLCPc16
translucir,aLICvaW
"translúcido, da",aLAPrEQ
transmundo,aLurbH5
transparecer,aMN2OBG
"transponedor, ra",aMYXIDx
transponer,aMYjpts
transposición,aMnboy7
"transpositivo, va",aMpWBiD
transubstanciación,aMrl1Nu
transubstancial,aMtpKFw
transubstanciar,aMuD7Br
transvasar,aN88FNc
transvase,aN9KAmW
tranviero,aNQOcUd
tras-,aOp6Drm
"trasalpino, na",aOt5pmD
"trasandino, na",aOthgbp
"trasatlántico, ca",aOz4ybe
"trasbordador, ra",aP5BIwS
trasbordar,aP8Gvff
trasbordo,aP9eCFh
trascontinental,aPix1qO
trascribir,aPrUIEZ
trascripción,aPuwV8N
"trascriptor, ra",aPzXeID
trasculturación,aQ3KWXI
trascultural,aQ3ego4
trasculturización,aQ5QZA2
trascurrir,aQ67LLU
trascurso,aQ7BAzx
trasera,aQKw0Ze
trasferencia,aQVK5xQ
trasferencial,aQW3R06
trasferente,aQXncgx
trasferibilidad,aQYedse
trasferible,aQZqEcu
"trasferidor, ra",aQZt5rd
trasferir,aQbjGFF
trasfigurable,aQdHN9u
trasfiguración,aQdi6u7
trasfigurar,aQf82ub
"trasfijo, ja",aQfNHDn
trasfixión,aQgp2Zr
trasformable,aQmpSvX
trasformacional,aQpiwev
trasformación,aQnqlLx
"trasformador, ra",aQqMFTd
trasformamiento,aQtASj8
trasformar,aQv8vbE
"trasformativo, va",aQxHzb9
trasformismo,aQylrK8
trasformista,aQz8mVi
"trasfretano, na",aR01ONL
trasfretar,aR0Iyrp
"trasfronterizo, za",aR3WK34
trasfuguismo,aR6zhFk
trasfundición,aR7dd5S
trasfundir,aR9nxnW
trasfusible,aRCpODw
trasfusión,aRDrWLU
"trasfusor, ra",aRErulx
trasgredir,aRNIwYo
"trasgresivo, va",aROS18X
trasgresión,aRO5ndu
"trasgresor, ra",aRPUfHw
"trasmarino, na",aSNom77
"trasmediterráneo, a",aSOzpsM
trasmigración,aSRv4m6
trasmigrar,aSTMm3K
"trasmigratorio, ria",aSTaTCp
trasmisibilidad,aSVMlbJ
trasmisible,aSXfry1
trasmisión,aSZRpFl
"trasmisor, ra",aSa3fFo
trasmitente,aSeQ9kJ
trasmitible,aSfE7KO
trasmitir,aSiI7by
trasmontana,aSkWFYK
trasmontar,aSoEacU
trasmonte,aSp4XHP
trasmudación,aSpVwJl
trasmudamiento,aSr30JN
trasmudar,aSrwlVK
"trasmundano, na",aSrxM0f
trasmutable,aStCcrJ
trasmutación,aSunC4O
trasmutar,aSvQ4Qo
"trasmutativo, va",aSwHcBo
"trasmutatorio, ria",aSyJ03S
trasnacional,aT0ET8v
"trasoceánico, ca",aTMltSO
"traspacífico, ca",aTTOvKb
"traspadano, na",aTUTebx
trasparencia,aTY8hSK
trasparentar,aTZEeWi
trasparente,aTa1MSc
traspirable,aU2HXGl
traspiración,aU3WuEa
traspirar,aU6nDdk
"traspirenaico, ca",aU7HsqU
trasplantadora,aUCfsjg
trasportabilidad,aUOSe3H
trasportable,aUSFA6p
trasportación,aUSq8I7
"trasportador, ra",aUUYRTn
trasportamiento,aUYfoN7
trasportar,aUcakSy
trasportista,aUeJrjd
trasportín,aUeEHly
trasterrar,aVVQDcB
"trastiberino, na",aVacRUf
trasverberación,aWb5BqF
trasversal,aWcpZB6
trasversalidad,aWfN0s9
trasversalmente,aWhOWVd
"trasverso, sa",aWioXns
travestí,aXYrMLt
travesía,aXYXQYm
traviesa,aXteBpT
treintena,aZ70UJM
triada,abRR3Vd
triaquera,abfcWFh
tricentenario,acdzLWl
triguera,ae6ZTTZ
trilladora,aegGeqQ
trillonésima,aez8MDR
trituradora,ajFEyrC
troica,al0gXKU
tropósfera,aoGmTwH
trotona,aoXrUHD
trásfuga,aR6fTFY
tríbada,abvMZGE
tríglifo,adv2MHn
trócar,akCDOz7
tuberosa,arUDfQJ
tuca,arl05Rv
tumbona,atecL9t
tunera,av3PMCn
tusona,az8AjEQ
tábarro,Yrd1gRb
táctica,YviaYbP
técnica,ZIdP5Aa
tétano,Zg1GnaS
tísica,ZsaIjzM
tónica,a0wYjV8
tórtola,a8ZyhDI
umbría,b3qiIL0
umjú,b3uroK8
un,b3uuZZA
un,b3vJFnW
una,b3w3xSi
una,b3x2qHm
urbanística,b8JB8Im
uromancía,bA6Ps4p
uroscopía,bAAVZCR
uñada,b76IpOH
vacaray,bE5NkDd
vacaraí,bE3Plom
vacuna,bEvGEYy
valenciana,bHrRXrF
valentona,bIBXwtn
valkiria,bJ9Dn8Y
vallico,bJY83or
valona,bJe8jB1
"vaqueano, na",bLu2MRq
vaquera,bLwcGGf
vaqueriza,bM1HwUs
"vaquiano, na",bMBc7pU
vargueño,bNSUzp9
varice,bNmdESZ
varsoviana,bOSnCe0
vaída,bGoCZ5u
vecera,bPobbMu
"veimarés, sa",bRRtTBM
veintena,bRbSxd6
veintiuna,bSLnynf
veladora,bT7A7Gt
velahí,bT8N4Bc
velonera,bVHLEjB
ventriloquía,bZi560a
veranera,baob11x
verdina,bcanPxs
"vestfaliano, na",bhHEsdH
veterinaria,bi24jWq
viacrucis,bibLieM
viandera,bj124uC
vicaria,bjj6EFW
vicésima,bklUdyd
vidriera,bn1GVyh
vieja,bnLA3EG
villanesca,bpBuhvf
vinagrera,bpvu55G
virreina,bu4t1jd
viscosa,bumhKUT
visitadora,bvNEJlF
vitrocerámica,bx82fVi
vitíligo,bwf4Ntf
viuda,bxORzsC
vivijagua,byVUQZb
vizcondesa,bz8vLpJ
voceras,bzjd6oR
vodca,c0Bz434
voladera,c0MHkrX
voladora,c0RqEDY
volandera,c0XiBAU
volframio,c1bkhpc
vomitona,c3WppZM
vuelacercas,c4Yqc1J
váguido,bGgpihS
vídeo,bm7bAH0
vóleibol,c1SNPYi
vómica,c3BxyEN
wi fi,c6fcoI3
wind surf,c6kd5BL
wind surfing,c6o2yOj
"xerofito, ta",c7N4GIf
xeroftalmía,c7OiOBl
xicaque,c7Y3tbX
xiote,c8A9xrz
xola,c8E4Soq
yacabó,c8Q8hI8
"yacuto, ta",c8eFTTm
yataí,c9p6TH2
yedra,cAURz8E
yerbabuena,cAn6P82
yerbadulce,cAosi7j
yerbajo,cAslpvt
yerbaluisa,cAtmsWz
yerbera,cB1QY09
yerra,cBD4yLJ
yesera,cBKnh2t
yunta,cE07yGg
yusera,cEPtwf0
zafirina,cGgorKn
zagala,cHBOQbW
zaguera,cHQqlUm
zanguanga,cLjyLd2
zapatera,cMjc52d
zarabanda,cNfJqUX
zarandaja,cO42jlh
zarina,cPFkORC
zarria,cPhgtna
"zaíno, na",cHwLmUo
"zaíno, na",cHyYKYZ
zedilla,cQaQFCz
zempasúchil,cQiAA30
zenit,cQoIUWw
zenzontle,cQuaB7v
"zigofiláceo, a",cR17pQm
"zigomorfo, fa",cR76Qdq
"zigomático, ca",cR18vo9
zigoto,cR7miBO
"zingiberáceo, a",cRQFqUd
zinnia,cRQpl8N
zircona,cRdcGjt
zirconio,cRe3CN6
zirconita,cRfsGLV
zircón,cRblYaz
zocata,cRyXl0N
zodíaco,cSDydWj
zoofito,cTTldVI
zorra,cVHHLo9
zorrera,cVJp6k8
zoster,cVtwNy9
zumbadora,cX4t993
zurda,cXx050l
zábila,cEzARPr
zángana,cLMSgCp
zénit,cQoojbF
"zíngaro, ra",cROvFzS
ángela,2dADLyH
ázigos,4eiKaWU
"ázimo, ma",4eiLoTN
épica,FvMq2AL
érebo,G1KG64V
ética,H3xORA5
éuskara,H7XYEzN
éxtasi,HLorC1H
"íbero, ra",Kriscrf
ícono,KsXBcnJ
íntima,Ly1TRna
ñata,Qka4ZCP
ñurda,QlkboaD
óptica,R7QTGyR
órtesis,RFonLLp
"‒́aco, ca",0V5qh1z
"‒́fico, ca",Hr0C0RL
"‒́fobo, ba",I8gtgZw
"‒́gono, na",JL5MhfD
"‒́ico, ca",KsOKaaZ
‒́il,KxPqpET
‒́stato,YU98s1H
"‒́trofo, fa",akrudvg
"‒́voro, ra",c3oGhJ2
