header,clave,rae_id
a-,a-,003XJY1
a-,a-,006hGa6
a posteriori,a posteriori,3HFytIB
a priori,a priori,3JdXcMt
a quo,a quo,3NK26ap
a radice,a radice,3OGLpcR
a sensu contrario,a sensu contrario,3xNuNuB
a simili,a simili,40P0NEL
-able,-able,06VsTFX
Abraham,Abraham,0A3RgnP
Abrahán,Abrahán,0A5CVRj
ABS,ABS,0BytV56
-achón,-achón,0SBXoGb
"-achuelo, la",-achuelo,0SQc5ML
-ación,-ación,0UA3ZBx
ad-,ad-,0gYPN6u
ad libitum,ad libitum,0m3VSvG
ad limina,ad limina,0m7crM7
ad litteram,ad litteram,0m8gjWK
ad nauseam,ad nauseam,0n7ESlF
ad nutum,ad nutum,0nEwxpa
ad pedem litterae,ad pedem litterae,0pIkOuK
ad perpetuam,ad perpetuam,0pK95xy
ad personam,ad personam,0pL4UU7
ad quem,ad quem,0pLV5dW
ad referendum,ad referendum,0pvnJ9h
ad tempus,ad tempus,0qV5tGo
ad valorem,ad valorem,0sGeln3
"-adero, ra",-adero,0jP2F4J
ADN,ADN,0myw40a
"-ador, ra",-ador,0oWyp5O
ADSL,ADSL,0qJoM3u
-adura,-adura,0ryHaU5
Adviento,Adviento,0stC04n
agnus Dei,agnus Dei,164SBCx
Agramante,Agramante,17yEAVL
Airón,Airón,1LFdt7D
-ajón,-ajón,1ODlufO
Alcalá,Alcalá,1b9mt26
Alcántara,Alcántara,1cDZnjj
Alcorán,Alcorán,1eURqN6
Alejandría,Alejandría,1hPm6OK
algún,algún,1oNT36b
Alicante,Alicante,1qFoZBi
Allen,Allen,1vLyYYb
Altísimo,Altísimo,27MdCwA
Alzheimer,Alzheimer,2B2GW59
AM,AM,2B6laEC
-amento,-amento,2K4DV1i
América,América,2K9Sy1z
Américas,Américas,2KSgMun
-amiento,-amiento,2LawU8M
Amón,Amón,2ONo22M
ampère,ampère,2RUsypi
Anchuelo,Anchuelo,2XhBPcl
-ancia,-ancia,2Xiwer9
Andrés,Andrés,2aL1PJV
Ángela,Ángela,2dADLyH
Antillas,Antillas,2tTnKm1
Antón,Antón,2xnGUZK
Antonio,Antonio,2xvGZW0
"aquellos, llas",aquellos,3MH5fe6
aquelo,aquelo,3MH8U50
"aquelos, las",aquelos,3MHDPUA
aqueso,aqueso,3MZX30e
"aquesos, sas",aquesos,3Mb2ozD
aquesto,aquesto,3Md6DX9
"aquestos, tas",aquestos,3MeP0Xe
Aquiles,Aquiles,3MwXR9i
"-aracho, cha",-aracho,3O3jFBC
-arada,-arada,3OFFcWZ
Aragón,Aragón,3OPDFly
-arajo,-arajo,3OcnTet
-areda,-areda,3UT4ta2
Armenia,Armenia,3ayiDp4
ARN,ARN,3c0nZtQ
Arquímedes,Arquímedes,3dlJeLj
"-arraco, ca",-arraco,3eTuBLy
-arrada,-arrada,3eWZduP
-arrajo,-arrajo,3evVv2y
Arrás,Arrás,3fgItCW
"-arro, rra",-arro,3li1D1e
-arrón,-arrón,3nOEaqM
"-asco, ca",-asco,3wGcnoF
-asis,-asis,411V9qv
-astre,-astre,45s6f5P
"-astrón, na",-astrón,46SgWle
"-ativo, va",-ativo,4G4oVYf
"-atorio, ria",-atorio,4INg5C0
ATS,ATS,4LhZGwN
AVE,AVE,4XBPG4o
Babia,Babia,4ia1kp9
Bamba,Bamba,4vYKRIn
Bañón,Bañón,4z6AVGx
Bárbara,Bárbara,51uTeC1
Barcelona,Barcelona,53yEDrc
Batavia,Batavia,5CzZmDX
Batuecas,Batuecas,5EI9lxw
Bayona,Bayona,5F9RbqA
bestializarse,bestializarse,5Pa1lZo
Bierzo,Bierzo,5UdhAFU
-bilidad,-bilidad,5Vqc7J7
"-bilísimo, ma",-bilísimo,5W1OgFg
Blas,Blas,5fuf54b
Bohemia,Bohemia,5lX1qkS
boîte,boîte,5ltAZe0
Bona,Bona,5qKuB8y
bonoloto,bonoloto,5rfgvxt
Brasil,Brasil,63Zi6EZ
Bright,Bright,66OJF1B
Briján,Briján,66UVreU
Bruselas,Bruselas,6BzwRGZ
Buenos Aires,Buenos Aires,6EbEq6s
Burgos,Burgos,6J0fcUY
Cabo,Cabo,6S603J4
Cachano,Cachano,6VQCWZe
Caín,Caín,6dhjQcK
Calabar,Calabar,6fEftgH
Calaínos,Calaínos,6gnpx5q
Calañas,Calañas,6i2skWZ
Calatrava,Calatrava,6iIIWoi
Calleja,Calleja,6pn3vAV
Canadá,Canadá,71yMb7K
Cancelaría,Cancelaría,73pGFXR
Caplán,Caplán,7L6ZRu6
Caravaca,Caravaca,7RMcPmO
Cardona,Cardona,7VxtTzx
Carracuca,Carracuca,7fGQZiD
Casio,Casio,7p9MO7l
Cástor y Pólux,Cástor y Pólux,7rXwh8y
CD,CD,846shPv
CD-ROM,CD-ROM,848XxEW
Ceilán,Ceilán,87fFGPO
Celsius,Celsius,8AUbMc4
-cer,-cer,8I7zs8i
"-cete, ta",-cete,8QNNVMi
Chagas,Chagas,8TG2Y1j
Chiapa,Chiapa,8hyRAJC
Chile,Chile,8lFNNNW
chullpi,chullpi,93FixWj
"-cico, ca",-cico,9AFD0eR
"-cillo, lla",-cillo,9DOeZ6d
Cobos,Cobos,9XllUyQ
Compostela,Compostela,A2W8Ict
Congreve,Congreve,AJkPBQa
Constantinopla,Constantinopla,AR98ykC
Corán,Corán,AoOGgUs
Coria,Coria,AsN6BCQ
Corinto,Corinto,Asrumdo
Corpus,Corpus,AwSPUeK
COVID,COVID,BAjhQ3X
Cribas,Cribas,BGAvibS
cualesquier,cualesquier,BRMztn0
cualesquiera,cualesquiera,BRN0Op6
cualquier,cualquier,BRfxGm8
cuan,cuan,BRnREbE
cuán,cuán,BRpCzFC
Cuasimodo,Cuasimodo,BTzDed5
Cuenca,Cuenca,BZr18lT
cyclo-cross,cyclo-cross,Bo2hHnb
Damocles,Damocles,Br2uGNl
David,David,Bt0oZcf
DDT,DDT,BtBOXkO
Deo volente,Deo volente,CEUGngB
deso,deso,DEKdXai
desto,desto,DUJUz91
DIN,DIN,DnhzO94
DNA,DNA,E1xhjgs
DNI,DNI,E1yehOH
Domingo,Domingo,E6srI3L
Down,Down,EArj9SL
Duero,Duero,EF6Wx4Q
DVD,DVD,EITKPOm
"-ececico, ca",-ececico,EJSx8hb
"-ececillo, lla",-ececillo,EJTKIJ8
"-ececito, ta",-ececito,EJUJr7w
"-ecezuelo, la",-ecezuelo,EJXirtP
"-ecico, ca",-ecico,EK89MlR
"-ecillo, lla",-ecillo,EKB9w4I
"-ecito, ta",-ecito,EKC7WWx
-edad,-edad,ENATORl
-edal,-edal,ENFwLx8
"-edero, ra",-edero,ENQ9cwG
Edipo,Edipo,ENiddAk
"-edor, ra",-edor,ENvG7Ws
-edura,-edura,EORpzyf
Egeria,Egeria,EQAZIdN
Egipto,Egipto,EQgpOy5
"-ego, ga",-ego,EQoE7aL
-ejón,-ejón,ESkmCZU
El Escorial,El Escorial,EWzrcO6
Electra,Electra,ETecsKf
"ellos, llas",ellos,EYDli6v
-ema,-ema,EZ2Ofo7
-encia,-encia,F64wazA
endeudarse,endeudarse,FCm0mlz
Ertzaintza,Ertzaintza,G4BKwyC
Escila,Escila,GE0IEc3
"-esco, ca",-esco,GF6D1qs
Escocia,Escocia,GG4ARfQ
"-esino, na",-esino,GQkD91K
-esis,-esis,GQmPBto
ESO,ESO,GSANc3R
"esos, sas",esos,GSL4kTT
España,España,GUQ1mFn
Espinosa,Espinosa,GbefZRR
Estocolmo,Estocolmo,Gu9qUA4
"estos, tas",estos,GvpwejL
Etiopía,Etiopía,H4Ma8iH
-etón,-etón,H5GTUpN
Europa,Europa,H6xQqF1
Eustaquio,Eustaquio,H7jc2tJ
"-ezuelo, la",-ezuelo,HR22WKq
Fahrenheit,Fahrenheit,HUii7L9
faleuco,faleuco,HXPDozH
Falopio,Falopio,HYXomjk
Fernambuco,Fernambuco,HmW8ay8
"‒́fico, ca",‒́fico,Hr0C0RL
Flandes,Flandes,I375Q8h
Florencia,Florencia,I6lX71l
Florida,Florida,I7GzDzL
"‒́fobo, ba",‒́fobo,I8gtgZw
fondonga,fondonga,IBq7XMS
"fondongo, ga",fondongo,IBqK1SP
"‒́foro, ra",‒́foro,IGYaabT
Fraga,Fraga,IMNds8Z
Francia,Francia,IOEl3hJ
Frisia,Frisia,IV60T4d
"‒́fugo, ga",‒́fugo,IZRzRfV
Gambia,Gambia,IokGGhF
Gargajo,Gargajo,Itvm0Al
Gauss,Gauss,J0kpXjJ
"‒́geno, na",‒́geno,J56cPrf
Génova,Génova,J5ontBr
Gloria Patri,Gloria Patri,JFVwZ7q
Golgi,Golgi,JIqDbAr
"‒́gono, na",‒́gono,JL5MhfD
GPS,GPS,JNqHTYE
Graaf,Graaf,JNs9FxZ
‒́grado,‒́grado,JOysjvm
"‒́grafo, fa",‒́grafo,JQ5cr8q
Guernesey,Guernesey,JoJSim0
Higuera,Higuera,KNoqKXx
Hinojosa,Hinojosa,KQBLePz
house,house,KiQ3lpc
"-huelo, la",-huelo,KlAQG5L
"-iano, na",-iano,KrWQlR5
-ible,-ible,KrqSttz
"-ichuelo, la",-ichuelo,Ks8Pn8e
-ición,-ición,KsCJZny
"‒́ico, ca",‒́ico,KsOKaaZ
-idad,-idad,KtLQ9qb
"-idero, ra",-idero,KuHA7rF
"‒́ido, da",‒́ido,KunRvMp
"‒́ido, da",‒́ido,KupfGGR
"-idor, ra",-idor,KvB1ZIY
-idura,-idura,KvGioHm
-iense,-iense,KvNh82L
"-iento, ta",-iento,KvPM0mO
Ignacio,Ignacio,KvazWio
‒́il,‒́il,KxPqpET
-imento,-imento,L11ttMb
-imiento,-imiento,L120iDS
in fraganti,in fraganti,LYnESFR
in illo tempore,in illo tempore,LcgKi5C
in integrum,in integrum,LcoPm3X
in itinere,in itinere,Lcxkw1S
in-,in-,L9vLorj
in-,in-,L9vXSzQ
in medias res,in medias res,Le5AFqG
in memoriam,in memoriam,LeN78IB
in mente,in mente,LeUeikl
in partibus infidelium,in partibus infidelium,LiNkM3K
in partibus,in partibus,LiNk5DU
in pectore,in pectore,LiQuOqq
in perpetuum,in perpetuum,LiSD5dk
in promptu,in promptu,LiUNB1A
in púribus,in púribus,LiWqF0U
in situ,in situ,LlJeGAq
in solidum,in solidum,LlkrAN7
in statu quo,in statu quo,LmnWpQn
in terminis,in terminis,LvQSuA9
in utroque iure,in utroque iure,M1Z3Y8h
in utroque jure,in utroque jure,M1mvimL
in utroque,in utroque,M1Vgfq4
in vitro,in vitro,M4cX8vQ
in vivo,in vivo,M4dN6uq
in voce,in voce,M4i4erf
India,India,LNY9KCm
Inglaterra,Inglaterra,LaRSGMX
invita Minerva,invita Minerva,M4WzZQH
IPC,IPC,M5Twh46
IRPF,IRPF,M6noDQ8
ISBN,ISBN,MAOZu6u
"-isco, ca",-isco,MAR83U2
Islandia,Islandia,MB0uZx8
ISO,ISO,MBMXM4p
ISSN,ISSN,MCxcAvU
Italia,Italia,MDD58KS
"-itivo, va",-itivo,MEVTZG4
"-itorio, ria",-itorio,MEeJQTG
IVA,IVA,MEqD4f5
"-izco, ca",-izco,MFILa1i
Jamaica,Jamaica,MJyFETh
Japón,Japón,MLCUyS2
Jericó,Jericó,MQILtyL
Jersey,Jersey,MQrr2os
Jerusalén,Jerusalén,MQzbPWB
Jesé,Jesé,MR2AHpE
Jesucristo,Jesucristo,MR6KyOj
Jesús,Jesús,MRGvkek
Jiménez,Jiménez,MTAGuf3
Job,Job,MUvFZE2
José,José,MXXTjIR
Juanelo,Juanelo,MYe6Sdo
Judea,Judea,MZc1qI1
Koch,Koch,Mi88esE
laus Deo,laus Deo,N0CaPAD
Leiden,Leiden,N5eEqKY
Lepe,Lepe,N9Ee2WU
Líbano,Líbano,NDyAKLE
‒́lisis,‒́lisis,NPxuR3s
"‒́logo, ga",‒́logo,NZTxcTa
Loja,Loja,Na31RmH
Lombardía,Lombardía,NaNMudC
López,López,Nbxn2nt
"los, las",los,NcnX1R9
LP,LP,NdSmI8k
LSD,LSD,NdTwE3T
Lucía,Lucía,NedOJFD
Luis,Luis,NghR3Hc
Madrid,Madrid,NqKY4wJ
maître,maître,Nwf1tnn
Malta,Malta,O4XHJk2
Mancha,Mancha,O8Rku9A
Manila,Manila,OE1naPs
"‒́mano, na",‒́mano,OFBUhWs
Marcial,Marcial,ONRi9je
Marigargajo,Marigargajo,OPoNth3
Marta,Marta,OUr4RIS
Mazagatos,Mazagatos,OgWZm2W
‒́metro,‒́metro,P8UAjhT
México,México,P8xNYa2
milara,milara,PEjXr1Q
Misiones,Misiones,POtAWQ6
Moctezuma,Moctezuma,PTF2ICE
Montesa,Montesa,PkHOrjQ
Morfeo,Morfeo,PooW9sK
Móstoles,Móstoles,PvBgPWG
Nancy,Nancy,QEAHFfd
Neoclasicismo,Neoclasicismo,QOGQ4Fo
NIF,NIF,QUs4YvZ
ningún,ningún,QVkXtgV
NN,NN,QXiM8Ka
Nochevieja,Nochevieja,QYNKPBi
Noé,Noé,QZ7yTGo
-nta,-nta,QgY70aB
-oideo,-oideo,Qx5xQD0
-oides,-oides,Qx62D6n
ONG,ONG,R4TmoR1
"-orrio, rria",-orrio,RFiXRLQ
"-orro, rra",-orro,RFkmHVm
-osis,-osis,RI6iTY9
Pablo,Pablo,RO4tDSf
Pandora,Pandora,RfJXNUl
Pange lingua,Pange lingua,Rgqp5Cz
Paracleto,Paracleto,RpNlzoX
Paráclito,Paráclito,RpOyl8q
París,París,RwZXCbZ
Parkinson,Parkinson,RwlF7MS
"‒́paro, ra",‒́paro,RxT2UDj
PCR,PCR,SEuV5Vh
"‒́pedo, da",‒́pedo,SJFh2bH
Pentecostés,Pentecostés,SUZRqwY
Peñaranda,Peñaranda,SUo2Avv
Pepa,Pepa,SVXjhE7
Pernambuco,Pernambuco,SgCeowE
Perogrullo,Perogrullo,Sh54Lwn
personalísimo,personalísimo,SjcUDpP
PET,PET,SoqZZMD
Petri,Petri,SqEfRp9
Petrus in cunctis,Petrus in cunctis,Sqeoqgo
pH,pH,SrEA7mp
Picio,Picio,SvU757d
Pinar,Pinar,T27tpQ2
Pinto,Pinto,T53z4K6
PNN,PNN,TSJZosQ
Polonia,Polonia,TbNJDv9
Pórtland,Pórtland,TliOXme
Prusia,Prusia,UVnBxQH
Purísima,Purísima,UioNNDi
PVC,PVC,UkOAnCk
Quico,Quico,UpFXsr3
quienesquiera,quienesquiera,UpkwhAI
Quintín,Quintín,UvLfXzd
radiobemba,radiobemba,V1WLisn
Ramos,Ramos,V6xQ3RC
RDSI,RDSI,VFx0o9A
Réaumur,Réaumur,VIf7XMT
Rengo,Rengo,VxQHeX7
repelada,repelada,W0uBff3
Rh,Rh,WRW1Put
Rin,Rin,WUGZIhJ
RNA,RNA,WX66t39
Rodas,Rodas,WasuXuu
Roma,Roma,WdJDhRZ
Roque,Roque,Whi7JC0
Rota,Rota,Wjvk168
Rubicón,Rubicón,WmJWenV
Sajonia,Sajonia,X0VqmrU
Sancho,Sancho,XBNop6z
Segovia,Segovia,XSQdlVL
Seltz,Seltz,XUu4MjD
SMS,SMS,Y33DAtg
‒́stato,‒́stato,YU98s1H
-strajo,-strajo,YUEHlL1
Suiza,Suiza,YfzgVJx
Talmud,Talmud,Z0xK4OZ
"-tano, na",-tano,Z5V5Ss6
Tantum ergo,Tantum ergo,Z64SZbx
Tato,Tato,ZG04nnS
Telmo,Telmo,ZOOoQR5
Terranova,Terranova,ZbRuTLd
Tíbet,Tíbet,Zi4BX1t
"‒́tico, ca",‒́tico,ZibqWJB
TNT,TNT,Zv5aljo
Toledo,Toledo,ZyMP0DR
Tolú,Tolú,ZzJnl9Q
Tortis,Tortis,a8WSycH
"‒́trofo, fa",‒́trofo,akrudvg
Troya,Troya,aoufKb3
Túnez,Túnez,av6nlMB
un,un,b3uuZZA
un,un,b3vJFnW
Urías,Urías,b9WoTns
USB,USB,bBC7gKG
"-usco, ca",-usco,bBCLrg8
UVA,UVA,bD3Djdi
"-uzco, ca",-uzco,bDvxJQj
Valsaín,Valsaín,bJywpKO
Varolio,Varolio,bOJV5lz
Veda,Veda,bQNaoYm
Venecia,Venecia,bWkU3T4
Venezuela,Venezuela,bXRvnxi
Vicente,Vicente,bkPFqtb
VIH,VIH,boT2U1G
Villadiego,Villadiego,bovJ8BA
"‒́voro, ra",‒́voro,c3oGhJ2
Vulgata,Vulgata,c5a0whk
Yom Kippur,Yom Kippur,cCvrW91
Yom Kipur,Yom Kipur,cCw0d3F
"-zuelo, la",-zuelo,cWPN9rE
