old_rae_id,old_entry,status,current_rae_ids,current_headers,matching_current_ids,matching_current_headers,error
ED0ZIc5,"dromomaniaco, ca",NOT_FOUND,,,,,
4G4oVYf,"-ativo, va",NOT_FOUND,,,,,
9DOeZ6d,"-cillo, lla",NOT_FOUND,,,,,
0y37r2G,"afilo, la",NOT_FOUND,,,,,
90MMeJQ,"chorvo, va",NOT_FOUND,,,,,
9H6eJHp,"cinquero, ra",NOT_FOUND,,,,,
9Rtlk1w,"cleptomaniaco, ca",NOT_FOUND,,,,,
2wIDr4h,"antisicótico, ca",NOT_FOUND,,,,,
6qQemeF,"calmuco, ca",NOT_FOUND,,,,,
2V03tsc,"anafrodisiaco, ca",NOT_FOUND,,,,,
5W1OgFg,"-bilísimo, ma",NOT_FOUND,,,,,
674guum,"briófito, ta",NOT_FOUND,,,,,
CA1t0KC,"demoniaco, ca",NOT_FOUND,,,,,
BjECyDb,"curdo, da",NOT_FOUND,,,,,
5WoCIqv,"bímano, na",NOT_FOUND,,,,,
0oWyp5O,"-ador, ra",NOT_FOUND,,,,,
72pQI7o,"canario, ria",NOT_FOUND,,,,,
6yWqv9n,"camito-semítico, ca",NOT_FOUND,,,,,
8QlokE2,"cevichero, ra",NOT_FOUND,,,,,
9Ez9dRu,"cincado, da",NOT_FOUND,,,,,
EKC7WWx,"-ecito, ta",NOT_FOUND,,,,,
11Q4jXn,"afrodisiaco, ca",NOT_FOUND,,,,,
EJTKIJ8,"-ececillo, lla",NOT_FOUND,,,,,
EJSx8hb,"-ececico, ca",NOT_FOUND,,,,,
4INg5C0,"-atorio, ria",NOT_FOUND,,,,,
4AfKXgg,"atarbán, na",NOT_FOUND,,,,,
3eTuBLy,"-arraco, ca",NOT_FOUND,,,,,
0SQc5ML,"-achuelo, la",NOT_FOUND,,,,,
2ok6Mf7,"antiafrodisiaco, ca",NOT_FOUND,,,,,
4QNt0uN,"austríaco, ca",NOT_FOUND,,,,,
AqxVrOr,"cordiaco, ca",NOT_FOUND,,,,,
7jMEqix,"cárstico, ca",NOT_FOUND,,,,,
1iLSSUF,"alergeno, na",NOT_FOUND,,,,,
7V1WIdk,"cardiaco, ca",NOT_FOUND,,,,,
5x8CDU4,"bosníaco, ca",NOT_FOUND,,,,,
3NeA474,"arábigo-andaluz, za",NOT_FOUND,,,,,
5rfgvxt,bonoloto,NOT_FOUND,,,,,
CTaqzPD,"desarrapado, da",NOT_FOUND,,,,,
3MH5fe6,"aquellos, llas",NOT_FOUND,,,,,
Dq0Jzkz,"dipsomaniaco, ca",NOT_FOUND,,,,,
BQZeuoF,"cuadrúmano, na",NOT_FOUND,,,,,
3MeP0Xe,"aquestos, tas",NOT_FOUND,,,,,
3MHDPUA,"aquelos, las",NOT_FOUND,,,,,
8AYUKeu,"celtibero, ra",NOT_FOUND,,,,,
0jP2F4J,"-adero, ra",NOT_FOUND,,,,,
DZ3CJnj,"desyerbador, ra",NOT_FOUND,,,,,
3O3jFBC,"-aracho, cha",NOT_FOUND,,,,,
8FRArpQ,"centímano, na",NOT_FOUND,,,,,
3Mb2ozD,"aquesos, sas",NOT_FOUND,,,,,
55Nqh9R,"barillero, ra",NOT_FOUND,,,,,
4eiLoTN,"ázimo, ma",NOT_FOUND,,,,,
1Tjubkw,"alasqueño, ña",NOT_FOUND,,,,,
89bxoug,"celiaco, ca",NOT_FOUND,,,,,
BRGi3g7,"cuákero, ra",NOT_FOUND,,,,,
EJUJr7w,"-ececito, ta",NOT_FOUND,,,,,
EWWkAKr,"elegiaco, ca",NOT_FOUND,,,,,
EKB9w4I,"-ecillo, lla",NOT_FOUND,,,,,
EYDli6v,"ellos, llas",NOT_FOUND,,,,,
EQWzn70,"egipcíaco, ca",NOT_FOUND,,,,,
EW46G8r,"elefanciaco, ca",NOT_FOUND,,,,,
Dp3U3EA,"dionisiaco, ca",NOT_FOUND,,,,,
FwUDWim,"epífito, ta",NOT_FOUND,,,,,
EQoE7aL,"-ego, ga",NOT_FOUND,,,,,
ENvG7Ws,"-edor, ra",NOT_FOUND,,,,,
GQkD91K,"-esino, na",NOT_FOUND,,,,,
GtpFn7E,"estítico, ca",NOT_FOUND,,,,,
GheRFLm,"esquimal-aleutiano, na",NOT_FOUND,,,,,
EK89MlR,"-ecico, ca",NOT_FOUND,,,,,
GZ7Mupc,"espermáfito, ta",NOT_FOUND,,,,,
GvpwejL,"estos, tas",NOT_FOUND,,,,,
EJXirtP,"-ecezuelo, la",NOT_FOUND,,,,,
GdfMhwB,"espoliador, ra",NOT_FOUND,,,,,
GSL4kTT,"esos, sas",NOT_FOUND,,,,,
ENQ9cwG,"-edero, ra",NOT_FOUND,,,,,
EN2k4PY,"eczematoso, sa",NOT_FOUND,,,,,
Hr0C0RL,"‒́fico, ca",NOT_FOUND,,,,,
HyR1p8M,"fino-ugrio, gria",NOT_FOUND,,,,,
HXPDozH,faleuco,NOT_FOUND,,,,,
I21YHnd,"fláccido, da",NOT_FOUND,,,,,
HTPOypJ,"facócero, ra",NOT_FOUND,,,,,
HR22WKq,"-ezuelo, la",NOT_FOUND,,,,,
FDYDmaW,"endócrino, na",NOT_FOUND,,,,,
HTRbcUI,"facoquero, ra",NOT_FOUND,,,,,
IATD833,"folklórico, ca",NOT_FOUND,,,,,
I8gtgZw,"‒́fobo, ba",NOT_FOUND,,,,,
IiEJXKL,"galaico-portugués, sa",NOT_FOUND,,,,,
IlKbwnn,"gallego-portugués, sa",NOT_FOUND,,,,,
J4I9nJq,"genesiaco, ca",NOT_FOUND,,,,,
J4eOOVx,"genetliaco, ca",NOT_FOUND,,,,,
J531Px5,"genízaro, ra",NOT_FOUND,,,,,
JL5MhfD,"‒́gono, na",NOT_FOUND,,,,,
K6JUdT2,"helespontiaco, ca",NOT_FOUND,,,,,
Je5plah,"guajiro, ra",NOT_FOUND,,,,,
JgddWGX,"guaquero, ra",NOT_FOUND,,,,,
K6Mv4aa,"heliaco, ca",NOT_FOUND,,,,,
K22QuA2,"harmonioso, sa",NOT_FOUND,,,,,
KHUVDI7,"heterozigótico, ca",NOT_FOUND,,,,,
JphYZtR,"güilo, la",NOT_FOUND,,,,,
K1yQ6yg,"harmónico, ca",NOT_FOUND,,,,,
KT2QKKI,"hipocondriaco, ca",NOT_FOUND,,,,,
KTwB7DN,"hipomaniaco, ca",NOT_FOUND,,,,,
KkTAjV0,"huaso, sa",NOT_FOUND,,,,,
KcBxiNA,"homozigótico, ca",NOT_FOUND,,,,,
KMj4iAO,"hierbatero, ra",NOT_FOUND,,,,,
KrXnOYA,"iatrogénico, ca",NOT_FOUND,,,,,
KlAQG5L,"-huelo, la",NOT_FOUND,,,,,
Kriscrf,"íbero, ra",NOT_FOUND,,,,,
KkFahTk,"huarachudo, da",NOT_FOUND,,,,,
KuHA7rF,"-idero, ra",NOT_FOUND,,,,,
KrWQlR5,"-iano, na",NOT_FOUND,,,,,
KZywLBl,"hológrafo, fa",NOT_FOUND,,,,,
Ks8Pn8e,"-ichuelo, la",NOT_FOUND,,,,,
KjeB6jQ,"huanaco, ca",NOT_FOUND,,,,,
LYwuaQ6,"infrascripto, ta",NOT_FOUND,,,,,
LQp6zcZ,"indo-iranio, nia",NOT_FOUND,,,,,
KMoGLw2,"hierbero, ra",NOT_FOUND,,,,,
Ky62TXs,"iliaco, ca",NOT_FOUND,,,,,
Ky6vz6A,"iliaco, ca",NOT_FOUND,,,,,
LETqFQj,"incircunscripto, ta",NOT_FOUND,,,,,
LVWF7BH,"infecto-contagioso, sa",NOT_FOUND,,,,,
KvB1ZIY,"-idor, ra",NOT_FOUND,,,,,
KvPM0mO,"-iento, ta",NOT_FOUND,,,,,
LgoxNDj,"innocuo, cua",NOT_FOUND,,,,,
MARIt0X,"isíaco, ca",NOT_FOUND,,,,,
MEeJQTG,"-itorio, ria",NOT_FOUND,,,,,
MUOBIeH,"jirocho, cha",NOT_FOUND,,,,,
MAR83U2,"-isco, ca",NOT_FOUND,,,,,
MPsjorR,"jeremiaco, ca",NOT_FOUND,,,,,
Mhg5lmX,"kiosquero, ra",NOT_FOUND,,,,,
MEVTZG4,"-itivo, va",NOT_FOUND,,,,,
MFILa1i,"-izco, ca",NOT_FOUND,,,,,
MBUMR3M,"isóbaro, ra",NOT_FOUND,,,,,
NyXEubo,"malaconsejado, da",NOT_FOUND,,,,,
NOL9SnQ,"lipemaníaco, ca",NOT_FOUND,,,,,
O0cQ6zl,"maldispuesto, ta",NOT_FOUND,,,,,
NzQmzqB,"malavenido, da",NOT_FOUND,,,,,
NzjRv5r,"malayo-polinesio, sia",NOT_FOUND,,,,,
O04rVoE,"malcontentadizo, za",NOT_FOUND,,,,,
NXSzIBk,"lobo, ba",NOT_FOUND,,,,,
OD9l0b7,"maniaco, ca",NOT_FOUND,,,,,
ODAhChT,"maniaco-depresivo, va",NOT_FOUND,,,,,
OnWpMMY,"mejicano, na",NOT_FOUND,,,,,
OPsXd8y,"mariguanero, ra",NOT_FOUND,,,,,
PRATkk0,"mixtificador, ra",NOT_FOUND,,,,,
QVMrT4q,"nilo-sahariano, na",NOT_FOUND,,,,,
QNrpdW4,"nemotécnico, ca",NOT_FOUND,,,,,
P4lopv6,"metáfito, ta",NOT_FOUND,,,,,
PghloUN,"monomaniaco, ca",NOT_FOUND,,,,,
QD89ESD,"naguatlato, ta",NOT_FOUND,,,,,
Qa6TRPY,"nómico, ca",NOT_FOUND,,,,,
QVbqDuu,"ninfomaniaco, ca",NOT_FOUND,,,,,
QOuIpYC,"neomejicano, na",NOT_FOUND,,,,,
PlRxReo,"moquehuano, na",NOT_FOUND,,,,,
QNotlhJ,"nemónico, ca",NOT_FOUND,,,,,
QgUB3XJ,"novomejicano, na",NOT_FOUND,,,,,
QNGD2j5,"néisico, ca",NOT_FOUND,,,,,
QdhWm3A,"nóstico, ca",NOT_FOUND,,,,,
QyCyoEo,"ojizaíno, na",NOT_FOUND,,,,,
QahcG2F,"nomónico, ca",NOT_FOUND,,,,,
QoeGx6G,"obscuro, ra",NOT_FOUND,,,,,
RFkmHVm,"-orro, rra",NOT_FOUND,,,,,
R0QXKjc,"olimpíaco, ca",NOT_FOUND,,,,,
RFiXRLQ,"-orrio, rria",NOT_FOUND,,,,,
SPZS2DV,"peloponesíaco, ca",NOT_FOUND,,,,,
RsdBNMe,"parasicológico, ca",NOT_FOUND,,,,,
RseaLY0,"parasicólogo, ga",NOT_FOUND,,,,,
RpXvw7Z,"paradisiaco, ca",NOT_FOUND,,,,,
T1zxdnV,"pinado, da",NOT_FOUND,,,,,
SjcUDpP,personalísimo,NOT_FOUND,,,,,
SWcUJuS,"pequinés, sa",NOT_FOUND,,,,,
TWsXWpQ,"polícromo, ma",NOT_FOUND,,,,,
TWPEfVm,"policiaco, ca",NOT_FOUND,,,,,
TosQmzL,"postclásico, ca",NOT_FOUND,,,,,
TXjluUB,"poligloto, ta",NOT_FOUND,,,,,
TosIAmy,"postbélico, ca",NOT_FOUND,,,,,
TpVnKuj,"postfijo, ja",NOT_FOUND,,,,,
TqCYD69,"postpositivo, va",NOT_FOUND,,,,,
Tpz79K1,"postmoderno, na",NOT_FOUND,,,,,
TpuoZSp,"postmeridiano, na",NOT_FOUND,,,,,
Tp6E5Cx,"postdiluviano, na",NOT_FOUND,,,,,
UF945Jo,"prócero, ra",NOT_FOUND,,,,,
U4qnp9e,"presago, ga",NOT_FOUND,,,,,
TqZk9hf,"postromántico, ca",NOT_FOUND,,,,,
UVwLVrn,"pseudónimo, ma",NOT_FOUND,,,,,
TpXywpS,"postgraduado, da",NOT_FOUND,,,,,
UPq41Qi,"proscripto, ta",NOT_FOUND,,,,,
UVpo7R6,"pseudocientífico, ca",NOT_FOUND,,,,,
Tq2w5Ja,"postoperatorio, ria",NOT_FOUND,,,,,
UtfKHjf,"quinesiterápico, ca",NOT_FOUND,,,,,
Ud6GcbP,"pulmoniaco, ca",NOT_FOUND,,,,,
UrVvGFB,"quilométrico, ca",NOT_FOUND,,,,,
Uta2zuO,"quinesiólogo, ga",NOT_FOUND,,,,,
UtYDXLO,"quinésico, ca",NOT_FOUND,,,,,
UtbZoL7,"quinesioterápico, ca",NOT_FOUND,,,,,
UXlBudf,"pteridófito, ta",NOT_FOUND,,,,,
UtZggCx,"quinesiológico, ca",NOT_FOUND,,,,,
WWyuvaT,"rizófito, ta",NOT_FOUND,,,,,
WtEJlxn,"sabihondo, da",NOT_FOUND,,,,,
XHLUoe8,"saprófito, ta",NOT_FOUND,,,,,
Xn1ersh,"sicasténico, ca",NOT_FOUND,,,,,
XkTlHus,"seudopartitivo, va",NOT_FOUND,,,,,
XhjZ4qa,"servio, via",NOT_FOUND,,,,,
XlAIIlk,"sexmo, ma",NOT_FOUND,,,,,
Xk4mr0x,"sétimo, ma",NOT_FOUND,,,,,
XnHqYuZ,"sicoactivo, va",NOT_FOUND,,,,,
XnU76QI,"sicoanalítico, ca",NOT_FOUND,,,,,
XoWxQhR,"sicomotor, ra",NOT_FOUND,,,,,
Xnk2rMT,"sicodinámico, ca",NOT_FOUND,,,,,
Xnq8pbJ,"sicofísico, ca",NOT_FOUND,,,,,
XofzCIj,"sicopático, ca",NOT_FOUND,,,,,
XnkmVay,"sicodramático, ca",NOT_FOUND,,,,,
Xnealrm,"sicodélico, ca",NOT_FOUND,,,,,
XoguRXb,"sicopatológico, ca",NOT_FOUND,,,,,
XowJKXr,"sicosociológico, ca",NOT_FOUND,,,,,
XojLja2,"sicopedagogo, ga",NOT_FOUND,,,,,
XnvR3jG,"sicogénico, ca",NOT_FOUND,,,,,
XoBK4Xn,"sicológico, ca",NOT_FOUND,,,,,
Xp1NS3e,"sicotécnico, ca",NOT_FOUND,,,,,
XnaAqbT,"sicobiológico, ca",NOT_FOUND,,,,,
Xp9AHd2,"sicótico, ca",NOT_FOUND,,,,,
XoLalwb,"sicólogo, ga",NOT_FOUND,,,,,
XnrnKzW,"sicofisiológico, ca",NOT_FOUND,,,,,
Xoi0kZQ,"sicopedagógico, ca",NOT_FOUND,,,,,
XvFA1kw,"simoníaco, ca",NOT_FOUND,,,,,
Xoz03pL,"sicosomático, ca",NOT_FOUND,,,,,
Y0efrTB,"síquico, ca",NOT_FOUND,,,,,
Xp6hm1g,"sicoterapéutico, ca",NOT_FOUND,,,,,
XnxNzcy,"sicógeno, na",NOT_FOUND,,,,,
Xp9FvsC,"sicotrópico, ca",NOT_FOUND,,,,,
YKq2GiO,"somnámbulo, la",NOT_FOUND,,,,,
XoPVL0x,"sicométrico, ca",NOT_FOUND,,,,,
Y7QTRIJ,"sobreentendido, da",NOT_FOUND,,,,,
XowQs3z,"sicosociólogo, ga",NOT_FOUND,,,,,
Y0eXqF9,"siquiátrico, ca",NOT_FOUND,,,,,
Xp7mNMJ,"sicoterápico, ca",NOT_FOUND,,,,,
Y0zktu0,"siríaco, ca",NOT_FOUND,,,,,
YZHbUYT,"subscritor, ra",NOT_FOUND,,,,,
YZC1vRd,"subscriptor, ra",NOT_FOUND,,,,,
YaM45Sy,"substitutorio, ria",NOT_FOUND,,,,,
YaDaHzn,"substituidor, ra",NOT_FOUND,,,,,
YZzx3c2,"substancioso, sa",NOT_FOUND,,,,,
Y7QeyIR,"sobreesdrújulo, la",NOT_FOUND,,,,,
YaIFTKq,"substitutivo, va",NOT_FOUND,,,,,
YaJi25v,"substituto, ta",NOT_FOUND,,,,,
Z15kvaS,"talófito, ta",NOT_FOUND,,,,,
Yoq1wOt,"suscritor, ra",NOT_FOUND,,,,,
ZYMAkzW,"teridofito, ta",NOT_FOUND,,,,,
YaOlidE,"substractivo, va",NOT_FOUND,,,,,
ZYQL5xG,"teridófito, ta",NOT_FOUND,,,,,
Ya5xzJQ,"substantivo, va",NOT_FOUND,,,,,
YQ1qpB4,"soriásico, ca",NOT_FOUND,,,,,
Z5V5Ss6,"-tano, na",NOT_FOUND,,,,,
Zz3wUlZ,"tolomeico, ca",NOT_FOUND,,,,,
ZyOuGcn,"tolemaico, ca",NOT_FOUND,,,,,
aIb19oF,"transcendido, da",NOT_FOUND,,,,,
aLAPrEQ,"translúcido, da",NOT_FOUND,,,,,
aP5BIwS,"trasbordador, ra",NOT_FOUND,,,,,
aMpWBiD,"transpositivo, va",NOT_FOUND,,,,,
aKwNEBx,"translaticio, cia",NOT_FOUND,,,,,
aOt5pmD,"trasalpino, na",NOT_FOUND,,,,,
aOthgbp,"trasandino, na",NOT_FOUND,,,,,
aQZt5rd,"trasferidor, ra",NOT_FOUND,,,,,
aMYXIDx,"transponedor, ra",NOT_FOUND,,,,,
aPzXeID,"trascriptor, ra",NOT_FOUND,,,,,
aQfNHDn,"trasfijo, ja",NOT_FOUND,,,,,
aKwnBY0,"translativo, va",NOT_FOUND,,,,,
aR3WK34,"trasfronterizo, za",NOT_FOUND,,,,,
aOz4ybe,"trasatlántico, ca",NOT_FOUND,,,,,
aRErulx,"trasfusor, ra",NOT_FOUND,,,,,
aR01ONL,"trasfretano, na",NOT_FOUND,,,,,
aQxHzb9,"trasformativo, va",NOT_FOUND,,,,,
aSa3fFo,"trasmisor, ra",NOT_FOUND,,,,,
aQqMFTd,"trasformador, ra",NOT_FOUND,,,,,
aSNom77,"trasmarino, na",NOT_FOUND,,,,,
aTMltSO,"trasoceánico, ca",NOT_FOUND,,,,,
aRPUfHw,"trasgresor, ra",NOT_FOUND,,,,,
aUUYRTn,"trasportador, ra",NOT_FOUND,,,,,
aSTaTCp,"trasmigratorio, ria",NOT_FOUND,,,,,
aSwHcBo,"trasmutativo, va",NOT_FOUND,,,,,
aSyJ03S,"trasmutatorio, ria",NOT_FOUND,,,,,
aVacRUf,"trastiberino, na",NOT_FOUND,,,,,
aTTOvKb,"traspacífico, ca",NOT_FOUND,,,,,
aROS18X,"trasgresivo, va",NOT_FOUND,,,,,
bDvxJQj,"-uzco, ca",NOT_FOUND,,,,,
aU7HsqU,"traspirenaico, ca",NOT_FOUND,,,,,
aWioXns,"trasverso, sa",NOT_FOUND,,,,,
bBCLrg8,"-usco, ca",NOT_FOUND,,,,,
aSrxM0f,"trasmundano, na",NOT_FOUND,,,,,
aTUTebx,"traspadano, na",NOT_FOUND,,,,,
akrudvg,"‒́trofo, fa",NOT_FOUND,,,,,
bMBc7pU,"vaquiano, na",NOT_FOUND,,,,,
c8eFTTm,"yacuto, ta",NOT_FOUND,,,,,
bLu2MRq,"vaqueano, na",NOT_FOUND,,,,,
cHwLmUo,"zaíno, na",NOT_FOUND,,,,,
cHyYKYZ,"zaíno, na",NOT_FOUND,,,,,
bhHEsdH,"vestfaliano, na",NOT_FOUND,,,,,
bRRtTBM,"veimarés, sa",NOT_FOUND,,,,,
cRQFqUd,"zingiberáceo, a",NOT_FOUND,,,,,
c3oGhJ2,"‒́voro, ra",NOT_FOUND,,,,,
cR76Qdq,"zigomorfo, fa",NOT_FOUND,,,,,
cR18vo9,"zigomático, ca",NOT_FOUND,,,,,
cWPN9rE,"-zuelo, la",NOT_FOUND,,,,,
cROvFzS,"zíngaro, ra",NOT_FOUND,,,,,
c7N4GIf,"xerofito, ta",NOT_FOUND,,,,,
cR17pQm,"zigofiláceo, a",NOT_FOUND,,,,,
